'IDENT1'	'SYSTEM1'	'IDENT2_NOPREFIX'	'Level'	'LAT_NAME'	'EN_NAME'	'DESC_LINK'	'BODY_LENGTH[cm]'	'WING_SPAN[cm]'						'GROUP_KEY_1'	'GROUP_KEY_2'	'GROUP_KEY_3'	'valid_authority'	'LOC_KEY'	'REST_LINK'	'MIG_LINK'	'FOTO_LINK'	'AERIAL_LINK'	'SCHEMA_LINK'	'MES_LINK'	'STS_LAW'
'CU_0'	'Custom'	'0'	'UI'	'unknown'	'unknown species'									'unknown'	'unknown'	'unknown'									
'E_20'	'EURING'	'20'	'S'	'Gavia stellata'	'Red-throated Diver'	'https://avibase.ca/6C50988A '	'53-69'	'106-116'						'Waterbird'	'Diver'	'known'									
'E_30'	'EURING'	'30'	'S'	'Gavia arctica'	'Black-throated Diver'	'https://avibase.ca/CA5852BE '	'58-73'	'110-130'						'Waterbird'	'Diver'	'known'									
'E_40'	'EURING'	'40'	'S'	'Gavia immer'	'Great Northern Diver'	'https://avibase.ca/7E022378'	'70-90'	'127-147'						'Waterbird'	'Diver'	'known'									
'E_50'	'EURING'	'50'	'S'	'Gavia adamsii'	'White-billed Diver (Yellow-billed Diver)'	'https://avibase.ca/5349255D'	'84-92'	'36-39.5'						'Waterbird'	'Diver'	'known'									
'CU_59'	'Custom'	'59'	'UI'	'Gavia sp.'	'unidentified diver'									'Waterbird'	'Diver'	'unknown'									
'E_60'	'EURING'	'60'	'S'	'Podilymbus podiceps'	'Pied-billed Grebe'	'https://avibase.ca/9A8E55D0 '	'30.5-38.1cm'	16						'Waterbird'	'Grebe'	'known'									
'E_70'	'EURING'	'70'	'S'	'Tachybaptus ruficollis'	'Little Grebe'	'https://avibase.ca/71682A47 '	'25-29'	'40-45'						'Waterbird'	'Grebe'	'known'									
'E_90'	'EURING'	'90'	'S'	'Podiceps cristatus'	'Great Crested Grebe'	'https://avibase.ca/8F269702 '	'46-51'	'85-90'						'Waterbird'	'Grebe'	'known'									
'E_100'	'EURING'	'100'	'S'	'Podiceps grisegena'	'Red-necked Grebe'	'https://avibase.ca/1CBD2CED '	'40-50'	'61-88'						'Waterbird'	'Grebe'	'known'									
'E_110'	'EURING'	'110'	'S'	'Podiceps auritus'	'Slavonian Grebe'	'https://avibase.ca/018B3169 '	'31-38'	'59-65'						'Waterbird'	'Grebe'	'known'									
'E_120'	'EURING'	'120'	'S'	'Podiceps nigricollis'	'Black-necked Grebe'	'https://avibase.ca/32DCEC14 '	'28-34'	'56-60'						'Waterbird'	'Grebe'	'known'									
'CU_127'	'Custom'	'127'	'SG'	'P. grisegena/P. cristatus'	'Red-necked/Great Crested Grebe'									'Waterbird'	'Grebe'	'known'									
'CU_128'	'Custom'	'128'	'SG'	'P. auritus/P. nigricollis'	'Slavonian/Black-necked Grebe'									'Waterbird'	'Grebe'	'known'									
'CU_129'	'Custom'	'129'	'UI'	'Podicipedidae sp.'	'unidentified grebe'									'Waterbird'	'Grebe'	'unknown'									
'E_140'	'EURING'	'140'	'S'	'Diomedea melanophris'	'Black-browed Albatross'	'https://avibase.ca/F9CBC9EB '	'81-95'	'214-244'						'Seabird'	'Procellariiform'	'known'									
'E_220'	'EURING'	'220'	'S'	'Fulmarus glacialis'	'Northern Fulmar'	'https://avibase.ca/049D9AEA '	'45-50'	'100-112'						'Seabird'	'Procellariiform'	'known'									
'E_340'	'EURING'	'340'	'S'	'Bulweria bulwerii'	'Bulwer''s Petrel'	'https://avibase.ca/058773E4 '	'25-29'	'78-90'						'Seabird'	'Procellariiform'	'known'									
'E_360'	'EURING'	'360'	'S'	'Calonectris diomedea'	'Cory''s Shearwater'	'https://avibase.ca/710BB4E6 '	'45-46'	'105-125'						'Seabird'	'Procellariiform'	'known'									
'E_400'	'EURING'	'400'	'S'	'Puffinus gravis'	'Great Shearwater'	'https://avibase.ca/8B879DFA'	'43-51'	'100-118'						'Seabird'	'Procellariiform'	'known'									
'CU_409'	'Custom'	'409'	'SG'	'P. gravis/C. diomedea'	'Great/Cory''s Shearwater'									'Seabird'	'Procellariiform'	'known'									
'E_430'	'EURING'	'430'	'S'	'Puffinus griseus'	'Sooty Shearwater'	'https://avibase.ca/1725B07D '	'40-51'	'94-109'						'Seabird'	'Procellariiform'	'known'									
'E_460'	'EURING'	'460'	'S'	'Puffinus puffinus'	'Manx Shearwater'	'https://avibase.ca/5AEDC002 '	'30-38'	'76-82'						'Seabird'	'Procellariiform'	'known'									
'CU_462'	'Custom'	'462'	'S'	'Puffinus yelkkouan'	'Yelkouan Shearwater'	'https://avibase.ca/FD97EC1E '	'30-36'	'70-84'						'Seabird'	'Procellariiform'	'known'									
'CU_463'	'Custom'	'463'	'S'	'Puffinus mauretanicus'	'Balearic Shearwater'	'https://avibase.ca/42F573C7 '	'34-39'	'83-93'						'Seabird'	'Procellariiform'	'known'									
'E_464'	'EURING'	'464'	'S'	'Puffinus baroli'	'Barolo Shearwater'	'https://avibase.ca/5F555FDD '	28	62						'Seabird'	'Procellariiform'	'known'									
'E_480'	'EURING'	'480'	'S'	'Puffinus assimilis'	'Little Shearwater'	'https://avibase.ca/0205EDC6 '								'Seabird'	'Procellariiform'	'known'									
'CU_499'	'Custom'	'499'	'UI'	'Puffinus sp.'	'unidentified shearwater'									'Seabird'	'Procellariiform'	'unknown'									
'E_500'	'EURING'	'500'	'S'	'Oceanites oceanicus'	'Wilson''s Storm-petrel'	'https://avibase.ca/D295D249 '	'16-19'	'38-42'						'Seabird'	'Procellariiform'	'known'									
'E_520'	'EURING'	'520'	'S'	'Hydrobates pelagicus'	'European Storm-petrel'	'https://avibase.ca/E1638A37 '	'14-18'	'36-39'						'Seabird'	'Procellariiform'	'known'									
'E_550'	'EURING'	'550'	'S'	'Oceanodroma leucorhoa'	'Leach''s Storm-petrel'	'https://avibase.ca/C5FB15C6 '	'19-22'	'45-48'						'Seabird'	'Procellariiform'	'known'									
'CU_551'	'Custom'	'551'	'S'	'Pterodroma feae'	'Fea''s petrel'	'https://avibase.ca/CFE78BAC '	38	'88-94'						'Seabird'	'Procellariiform'	'known'									
'CU_558'	'Custom'	'558'	'SG'	'O. leucorhoa/H. pelagicus'	'European/Leach`s Storm-petrel'									'Seabird'	'Procellariiform'	'known'									
'E_560'	'EURING'	'560'	'S'	'Oceanodroma monorhis'	'Swinhoe''s Storm-petrel'	'https://avibase.ca/80DE8670 '	20	45						'Seabird'	'Procellariiform'	'known'									
'E_580'	'EURING'	'580'	'S'	'Oceanodroma castro'	'Band-rumped Storm Petrel'	'https://avibase.ca/D3FAE385 '	'19-21'	'43-46'						'Seabird'	'Procellariiform'	'known'									
'CU_588'	'Custom'	'588'	'UI'		'unidentified storm petrel'									'Seabird'	'Procellariiform'	'unknown'									
'CU_589'	'Custom'	'589'	'UI'		'unidentified petrel'									'Seabird'	'Procellariiform'	'unknown'									
'E_710'	'EURING'	'710'	'S'	'Sula bassana'	'Northern Gannet'	'https://avibase.ca/534FB490 '	'92.5-110'	'484-535'						'Seabird'	'Gannet'	'known'									
'E_720'	'EURING'	'720'	'S'	'Phalacrocorax carbo'	'Great Cormorant'	'https://avibase.ca/ACD40E8C '	'80-100'	'130-160'						'Seabird'	'Cormorant and Shag'	'known'									
'E_721'	'EURING'	'721'	'S'	'Phalacrocorax carbo carbo'	'North Atlantic Cormorant'	'https://avibase.ca/ACD40E8C '	'84-90'	'130-160'						'Seabird'	'Cormorant and Shag'	'known'									
'E_800'	'EURING'	'800'	'S'	'Phalacrocorax aristotelis'	'European Shag'	'https://avibase.ca/CECC7B26 '	'65-80'	'90-105'						'Seabird'	'Cormorant and Shag'	'known'									
'CU_809'	'Custom'	'809'	'SG'	'Ph.  aristotelis/ Ph. carbo'	'European Shag/Great Cormorant'	'https://avibase.ca/BD501295 '	'65-100'	'90-160'						'Seabird'	'Cormorant and Shag'	'known'									
'E_820'	'EURING'	'820'	'S'	'Phalacrocorax pygmeus'	'Pygmy Cormorant'	'https://avibase.ca/AFF49475'	'45-55'	'45-55'						'Seabird'	'Cormorant and Shag'	'known'									
'E_890'	'EURING'	'890'	'S'	'Pelecanus crispus'	'Dalmatian Pelican'	'https://avibase.ca/7C6D8BA2'	'160-180'	'310-345'						'Waterbird'	'Pelican'	'known'									
'E_900'	'EURING'	'900'	'S'	'Pelecanus rufescens'	'Pink-backed Pelican'	'https://avibase.ca/8D24E93C'	'124.46- 129.54'	'24-13'						'Waterbird'	'Pelican'	'known'									
'CU_919'	'Custom'	'919'	'S'	'Pelecanus sp.'	'Pelican sp.'									'Waterbird'		'unknown'									
'E_950'	'EURING'	'950'	'S'	'Botaurus stellaris'	'Eurasian Bittern'	'https://avibase.ca/0F42F11A'	'64-80'	'125-135'						'Waterbird'	'Heron, Egrets, Stork, Bitter and Ibis'	'known'									
'E_960'	'EURING'	'960'	'S'	'Botaurus lentiginosus'	'American Bittern'	'https://avibase.ca/13E9F9B4'	'58-68'	'80-106'						'Waterbird'	'Heron, Egrets, Stork, Bitter and Ibis'	'known'									
'E_980'	'EURING'	'980'	'S'	'Ixobrychus minutus'	'Little Bittern'	'https://avibase.ca/7AAD57AC'	'33-38'	'52-58'						'Waterbird'	'Heron, Egrets, Stork, Bitter and Ibis'	'known'									
'E_1040'	'EURING'	'1040'	'S'	'Nycticorax nycticorax'	'Black-crowned Night Heron'	'https://avibase.ca/6BB94D7E '	'58-65'	'105-112'						'Waterbird'	'Heron, Egrets, Stork, Bitter and Ibis'	'known'									
'CU_1041'	'Custom'	'1041'	'S'	'Butorides virescens'	'Green Heron'	'https://avibase.ca/86D45B8F '	44	56						'Waterbird'	'Heron, Egrets, Stork, Bitter and Ibis'	'known'									
'E_1080'	'EURING'	'1080'	'S'	'Ardeola ralloides'	'Squacco Heron'	'https://avibase.ca/CE73EBD7 '	'44-47'	'80-92'						'Waterbird'	'Heron, Egrets, Stork, Bitter and Ibis'	'known'									
'E_1110'	'EURING'	'1110'	'S'	'Bubulcus ibis'	'Cattle Egret'	'https://avibase.ca/AB1CB216 '	'45-50'	'82-95'						'Waterbird'	'Heron, Egrets, Stork, Bitter and Ibis'	'known'									
'E_1190'	'EURING'	'1190'	'S'	'Ardea garzetta'	'Little Egret'	'https://avibase.ca/A6E9EDE5 '	'55-65'	'88-95'						'Waterbird'	'Heron, Egrets, Stork, Bitter and Ibis'	'known'									
'E_1210'	'EURING'	'1210'	'S'	'Ardea alba'	'Great Egret'	'https://avibase.ca/267D8CCE '	94	155						'Waterbird'	'Heron, Egrets, Stork, Bitter and Ibis'	'known'									
'E_1220'	'EURING'	'1220'	'S'	'Ardea cinerea'	'Grey Heron'	'https://avibase.ca/6AC87967 '	'90-98'	'175-195'						'Waterbird'	'Heron, Egrets, Stork, Bitter and Ibis'	'known'									
'E_1240'	'EURING'	'1240'	'S'	'Ardea purpurea'	'Purple Heron'	'https://avibase.ca/8D6CB009 '	'78-90'	'120-150'						'Waterbird'	'Heron, Egrets, Stork, Bitter and Ibis'	'known'									
'E_1310'	'EURING'	'1310'	'S'	'Ciconia nigra'	'Black Stork'	'https://avibase.ca/E2817DAE '	'95-100'	'144-155'						'Waterbird'	'Heron, Egrets, Stork, Bitter and Ibis'	'known'									
'E_1340'	'EURING'	'1340'	'S'	'Ciconia ciconia'	'White Stork'	'https://avibase.ca/28825494 '	'100-115'	'65-155'						'Waterbird'	'Heron, Egrets, Stork, Bitter and Ibis'	'known'									
'E_1360'	'EURING'	'1360'	'S'	'Plegadis falcinellus'	'Glossy Ibis'	'https://avibase.ca/D4540F88'	60	88						'Terrestrial '	'Heron, Egrets, Stork, Bitter and Ibis'	'known'									
'E_1420'	'EURING'	'1420'	'S'	'Threskiornis aethiopicus'	'Sacred Ibis'	'https://avibase.ca/550DE745'	'65-75'	'112-124'						'Terrestrial '	'Heron, Egrets, Stork, Bitter and Ibis'	'known'									
'E_1440'	'EURING'	'1440'	'S'	'Platalea leucorodia'	'Spoonbill'	'https://avibase.ca/A0A584C1 '	'80-90'	'120-135'						'Waterbird'	'Spoonbill'	'known'									
'CU_1449'	'Custom'	'1449'	'SG'	'Phoenicopterus sp.'	'Flamingo sp.'									'Waterbird'	'Flamingo'	'unknown'									
'E_1520'	'EURING'	'1520'	'S'	'Cygnus olor'	'Mute Swan'	'https://avibase.ca/694C127A '	'140-160'	'208-238'						'Waterbird'	'Swan'	'known'									
'E_1530'	'EURING'	'1530'	'S'	'Cygnus columbianus'	'Tundra Swan'	'https://avibase.ca/0BCBA6B9 '	'120-147'	168						'Waterbird'	'Swan'	'known'									
'E_1540'	'EURING'	'1540'	'S'	'Cygnus cygnus'	'Whooper Swan'	'https://avibase.ca/BDDB5670 '	'140-160'	'205-235'						'Waterbird'	'Swan'	'known'									
'CU_1541'	'Custom'	'1541'	'S'	'Cygnus bewickii'	'Bewick''s Swan'	'https://avibase.ca/3D8F0A76 '	'115-127'	'170-195'						'Waterbird'	'Swan'	'known'									
'CU_1559'	'Custom'	'1559'	'UI'	'Cygnus sp.'	'unidentified swan'	'https://avibase.ca/F9EC83D6 '								'Waterbird'	'Swan'	'unknown'									
'E_1560'	'EURING'	'1560'	'S'	'Anser cygnoides'	'Swan Goose'	'https://avibase.ca/946E4517'	'81-94'	'160-185'						'Waterbird'	'Goose'	'known'									
'CU_1561'	'Custom'	'1561'	'S'	'Anser caerulescens'	'Snow Goose'	'https://avibase.ca/D3A260BC '	'65-80'	'132-165'						'Waterbird'	'Goose'	'known'									
'E_1570'	'EURING'	'1570'	'S'	'Anser fabalis'	'Bean Goose'	'https://avibase.ca/AD849FCB '	'66-88'	'147-175'						'Waterbird'	'Goose'	'known'									
'E_1580'	'EURING'	'1580'	'S'	'Anser brachyrhynchus'	'Pink-footed Goose'	'https://avibase.ca/AFA7EE74 '	'60-76'	'135-160'						'Waterbird'	'Goose'	'known'									
'E_1590'	'EURING'	'1590'	'S'	'Anser albifrons'	'Greater White-fronted Goose'	'https://avibase.ca/466E9077 '	'65-78'	'130-165'						'Waterbird'	'Goose'	'known'									
'E_1600'	'EURING'	'1600'	'S'	'Anser erythropus'	'Lesser White-fronted Goose'	'https://avibase.ca/184D2329 '	60	128						'Waterbird'	'Goose'	'known'									
'E_1610'	'EURING'	'1610'	'S'	'Anser anser'	'Greylag Goose'	'https://avibase.ca/4AED44E8 '	'76-89'	'147-180'						'Waterbird'	'Goose'	'known'									
'E_1620'	'EURING'	'1620'	'S'	'Anser indicus'	'Bar-headed goose'	'https://avibase.ca/B7159EF0 '	'68-78'	'140-160'						'Waterbird'	'Goose'	'known'									
'E_1660'	'EURING'	'1660'	'S'	'Branta canadensis'	'Canada Goose'	'https://avibase.ca/B59E1863 '	'90-110'	'150-180'						'Waterbird'	'Goose'	'known'									
'E_1670'	'EURING'	'1670'	'S'	'Branta leucopsis'	'Barnacle Goose'	'https://avibase.ca/3163ED86 '	'58-70'	'132-145'						'Waterbird'	'Goose'	'known'									
'E_1680'	'EURING'	'1680'	'S'	'Branta bernicla'	'Brent Goose'	'https://avibase.ca/8C09000A '	'56-61'	'110-120'						'Waterbird'	'Goose'	'known'									
'E_1690'	'EURING'	'1690'	'S'	'Branta ruficollis'	'Red-breasted Goose'	'https://avibase.ca/0D280B3F '	54	126						'Waterbird'	'Goose'	'known'									
'E_1700'	'EURING'	'1700'	'S'	'Alopochen aegyptiaca'	'Egyptian Goose'	'https://avibase.ca/DA2F24E3 '	'63-73'	'110-130'						'Waterbird'	'Goose'	'known'									
'CU_1701'	'Custom'	'1701'	'S'	'Anser canagicus'	'Emperor Goose '	'https://avibase.ca/1E6F0F8D '	68.5	119						'Waterbird'	'Goose'	'known'									
'CU_1709'	'Custom'	'1709'	'UI'	'Anser/Branta sp.'	'unidentified goose'									'Waterbird'	'Goose'	'unknown'									
'E_1710'	'EURING'	'1710'	'S'	'Tadorna ferruginea'	'Ruddy Shelduck'	'https://avibase.ca/1F9D883E '	64	133						'Waterbird'	'Duck'	'known'									
'E_1730'	'EURING'	'1730'	'S'	'Tadorna tadorna'	'Common Shelduck'	'https://avibase.ca/5EAB32D3 '	'58-65'	'110-133'						'Waterbird'	'Duck'	'known'									
'E_1790'	'EURING'	'1790'	'S'	'Anas penelope'	'Eurasian Wigeon'	'https://avibase.ca/15EE0D36 '	'45-51'	'75-86'						'Waterbird'	'Duck'	'known'									
'E_1800'	'EURING'	'1800'	'S'	'Anas americana'	'American Wigeon'	'https://avibase.ca/D201EB72 '	'45-58'	86.4						'Waterbird'	'Duck'	'known'									
'CU_1801'	'Custom'	'1801'	'S'	'Anas sibilatrix'	'Chiloe Wigeon'	'https://avibase.ca/0B8AF41F '								'Waterbird'	'Duck'	'known'									
'E_1810'	'EURING'	'1810'	'S'	'Anas falcata'	'Falcated Teal'	'https://avibase.ca/978D4485 '	'46-53'	'79-91'						'Waterbird'	'Duck'	'known'									
'CU_1811'	'Custom'	'1811'	'S'	'Anas carolinensis'	'Green-Winged Teal'	'https://avibase.ca/DE24B98D '	36	61						'Waterbird'	'Duck'	'known'									
'E_1820'	'EURING'	'1820'	'S'	'Anas strepera'	'Gadwall'	'https://avibase.ca/C235A4D7 '	'46-56'	'84-95'						'Waterbird'	'Duck'	'known'									
'E_1830'	'EURING'	'1830'	'S'	'Anas formosa'	'Baikal Teal'	'https://avibase.ca/63EABB42 '	'39-43'	'180-220'						'Waterbird'	'Duck'	'known'									
'E_1840'	'EURING'	'1840'	'S'	'Anas crecca'	'Eurasian Teal'	'https://avibase.ca/115F04DD '	'34-38'	'58-64'						'Waterbird'	'Duck'	'known'									
'E_1860'	'EURING'	'1860'	'S'	'Anas platyrhynchos'	'Mallard'	'https://avibase.ca/85625D75 '	'51-62'	'81-98'						'Waterbird'	'Duck'	'known'									
'E_1890'	'EURING'	'1890'	'S'	'Anas acuta'	'Northern Pintail'	'https://avibase.ca/56CCA717 '	'51-76'	'236-282'						'Waterbird'	'Duck'	'known'									
'E_1910'	'EURING'	'1910'	'S'	'Anas querquedula'	'Garganey'	'https://avibase.ca/F577BA0F '	'37-41'	'60-63'						'Waterbird'	'Duck'	'known'									
'E_1920'	'EURING'	'1920'	'S'	'Anas discors'	'Blue-winged Teal'	'https://avibase.ca/90E2543E '	'36-41'	'56-62'						'Waterbird'	'Duck'	'known'									
'E_1940'	'EURING'	'1940'	'S'	'Anas clypeata'	'Northern Shoveler'	'https://avibase.ca/ED4CE8E7 '	'44-52'	'70-84'						'Waterbird'	'Duck'	'known'									
'CU_1949'	'Custom'	'1949'	'UI'	'Anas sp.'	'unidentified swimming duck'									'Waterbird'	'Duck'	'unknown'									
'E_1960'	'EURING'	'1960'	'S'	'Netta rufina'	'Red-crested Pochard'	'https://avibase.ca/3EC2CDA9 '	'53-57'	'85-90'						'Waterbird'	'Duck'	'known'									
'E_1980'	'EURING'	'1980'	'S'	'Aythya ferina'	'Common Pochard'	'https://avibase.ca/A96692E0 '	46	77						'Waterbird'	'Duck'	'known'									
'E_2030'	'EURING'	'2030'	'S'	'Aythya fuligula'	'Tufted Duck'	'https://avibase.ca/67CEA1C1 '	'40-47'	'67-73'						'Waterbird'	'Duck'	'known'									
'E_2040'	'EURING'	'2040'	'S'	'Aythya marila'	'Greater Scaup'	'https://avibase.ca/25C94A8F '	'42-51'	'67-78'						'Waterbird'	'Duck'	'known'									
'E_2050'	'EURING'	'2050'	'S'	'Aythya affinis'	'Lesser Scaup'	'https://avibase.ca/50566E50 '	'39-46'	'68-78'						'Waterbird'	'Duck'	'known'									
'CU_2059'	'Custom'	'2059'	'UI'	'Aythya sp.'	'unidentified diving duck'									'Waterbird'	'Duck'	'unknown'									
'E_2060'	'EURING'	'2060'	'S'	'Somateria mollissima'	'Common Eider'	'https://avibase.ca/B77377EE '	'50-71'	'80-108'						'Waterbird'	'Duck'	'known'									
'E_2070'	'EURING'	'2070'	'S'	'Somateria spectabilis'	'King Eider'	'https://avibase.ca/F3D74914 '	'46-64'	'89-102'						'Waterbird'	'Duck'	'known'									
'E_2090'	'EURING'	'2090'	'S'	'Polysticta stelleri'	'Steller''s Eider'	'https://avibase.ca/BA07D016 '	'43-47'	'70-76'						'Waterbird'	'Duck'	'known'									
'E_2120'	'EURING'	'2120'	'S'	'Clangula hyemalis'	'Long-tailed Duck'	'https://avibase.ca/AF0C7BDE '	'58-60'	'73-79'						'Waterbird'	'Duck'	'known'									
'E_2130'	'EURING'	'2130'	'S'	'Melanitta nigra'	'Common Scoter'	'https://avibase.ca/24698199 '	'44-54'	'79-90'						'Waterbird'	'Duck'	'known'									
'CU_2139'	'Custom'	'2139'	'SG'	'M. nigra / M. fusca'	'Common/Velvet Scoter'									'Waterbird'	'Duck'	'known'									
'E_2140'	'EURING'	'2140'	'S'	'Melanitta perspicillata'	'Surf Scoter'	'https://avibase.ca/624078BA '	50	85						'Waterbird'	'Duck'	'known'									
'CU_2141'	'Custom'	'2141'	'S'	'Melanitta deglandi'	'White-winged Scoter'	'https://avibase.ca/4800D6B6 '	'50.8-55 '							'Waterbird'	'Duck'	'known'									
'E_2150'	'EURING'	'2150'	'S'	'Melanitta fusca'	'Velvet Scoter'	'https://avibase.ca/BAF44E36 '	'52-59'	'90-99'						'Waterbird'	'Duck'	'known'									
'E_2170'	'EURING'	'2170'	'S'	'Bucephala islandica'	'Barrow''s Goldeneye '	'https://avibase.ca/9456DEDF '	'43-48'	'68.58-76.2'						'Waterbird'	'Duck'	'known'									
'E_2180'	'EURING'	'2180'	'S'	'Bucephala clangula'	'Common Goldeneye'	'https://avibase.ca/68EA281A '	'42-50'	'65-80'						'Waterbird'	'Duck'	'known'									
'E_2200'	'EURING'	'2200'	'S'	'Mergus albellus'	'Smew'	'https://avibase.ca/F1F52036 '	'36-44'	'55-69'						'Waterbird'	'Duck'	'known'									
'E_2210'	'EURING'	'2210'	'S'	'Mergus serrator'	'Red-breasted Merganser'	'https://avibase.ca/8DB64266 '	55	78						'Waterbird'	'Duck'	'known'									
'E_2230'	'EURING'	'2230'	'S'	'Mergus merganser'	'Goosander'	'https://avibase.ca/407E2CA8 '	'58-66'	'82-97'						'Waterbird'	'Duck'	'known'									
'CU_2231'	'Custom'	'2231'	'S'	'Lophodytes cucullatus'	'Hooded Merganser'	'https://avibase.ca/60E6081E '	'40-49'							'Waterbird'	'Duck'	'known'									
'CU_2239'	'Custom'	'2239'	'UI'	'Mergus sp.'	'unidentified merganser/goosander'									'Waterbird'	'Duck'	'unknown'									
'CU_2269'	'Custom'	'2269'	'UI'	'Anatinae'	'unidentified duck'									'Waterbird'	'Duck'	'unknown'									
'E_2310'	'EURING'	'2310'	'S'	'Pernis apivorus'	'European Honey-Buzzard'	'https://avibase.ca/ED5A7E8F '	'52-60'	'135-150'						'Bird of prey'	'Buzzard'	'known'									
'E_2340'	'EURING'	'2340'	'S'	'Elanus leucurus'	'White-tailed Kite'	'https://avibase.ca/CAA5E106 '	'35-43'	'88-102'						'Bird of prey'	'Kite'	'known'									
'E_2380'	'EURING'	'2380'	'S'	'Milvus migrans'	'Black Kite'	'https://avibase.ca/C1C255AA '	'47-60'	'140-150'						'Bird of prey'	'Kite'	'known'									
'E_2390'	'EURING'	'2390'	'S'	'Milvus milvus'	'Red Kite'	'https://avibase.ca/4E76C8C0 '	'60-66'	'175-195'						'Bird of prey'	'Kite'	'known'									
'E_2430'	'EURING'	'2430'	'S'	'Haliaeetus albicilla'	'White-tailed Eagle'	'https://avibase.ca/5A3D91D3 '	'70-90'	'200-240'						'Bird of prey'	'Eagle'	'known'									
'E_2440'	'EURING'	'2440'	'S'	'Haliaeetus leucocephalus'	'Bald Eagle'	'https://avibase.ca/FED3756C '	'79-94'	'178-229'						'Bird of prey'	'Eagle'	'known'									
'CU_2441'	'Custom'	'2441'	'S'	'Clanga clanga'	'Greater Spotted Eagle'	'https://avibase.ca/BAC4CA22 '	'62-74'	168						'Bird of prey'	'Eagle'	'known'									
'E_2600'	'EURING'	'2600'	'S'	'Circus aeruginosus'	'Eurasian Marsh Harrier'	'https://avibase.ca/E2A19474 '	'48-56'	'115-130'						'Bird of prey'	'Harrier'	'known'									
'E_2610'	'EURING'	'2610'	'S'	'Circus cyaneus'	'Hen Harrier'	'https://avibase.ca/F558C7F9 '	'44-52'	'100-120'						'Bird of prey'	'Harrier'	'known'									
'E_2620'	'EURING'	'2620'	'S'	'Circus macrourus'	'Pallid Harrier'	'https://avibase.ca/22647E26 '	44	108						'Bird of prey'	'Harrier'	'known'									
'E_2630'	'EURING'	'2630'	'S'	'Circus pygargus'	'Montagu''s Harrier'	'https://avibase.ca/63B6412E '	'43-47'	'100-120'						'Bird of prey'	'Harrier'	'known'									
'E_2670'	'EURING'	'2670'	'S'	'Accipiter gentilis'	'Northern Goshawk'	'https://avibase.ca/420850D6 '	'48-62'	'135-165'						'Bird of prey'	'Hawk'	'known'									
'E_2690'	'EURING'	'2690'	'S'	'Accipiter nisus'	'Eurasian Sparrowhawk'	'https://avibase.ca/DB376A66 '	'28-38'	'55-70'						'Bird of prey'	'Hawk'	'known'									
'E_2870'	'EURING'	'2870'	'S'	'Buteo buteo'	'Common Buzzard'	'https://avibase.ca/3C6D4915 '	'51-57'	'113-128'						'Bird of prey'	'Buzzard'	'known'									
'E_2900'	'EURING'	'2900'	'S'	'Buteo lagopus'	'Rough-legged Buzzard'	'https://avibase.ca/90B13ACF '	'50-60'	'120-150'						'Bird of prey'	'Buzzard'	'known'									
'E_2960'	'EURING'	'2960'	'S'	'Aquila chrysaetos'	'Golden Eagle'	'https://avibase.ca/5F8E7CA8 '	'75-88'	'204-220'						'Bird of prey'	'Eagle'	'known'									
'CU_3009'	'Custom'	'3009'	'UI'		'unidentified bird of prey'									'Bird of prey'	'Unknown'	'unknown'									
'E_3010'	'EURING'	'3010'	'S'	'Pandion haliaetus'	'Osprey'	'https://avibase.ca/5BCF1891 '	'52-60'	'145-170'						'Bird of prey'	'Osprey'	'known'									
'E_3030'	'EURING'	'3030'	'S'	'Falco naumanni'	'Lesser Kestrel'	'https://avibase.ca/BECA271F '	'30-36'							'Bird of prey'	'Falcon'	'known'									
'E_3040'	'EURING'	'3040'	'S'	'Falco tinnunculus'	'Common Kestrel'	'https://avibase.ca/A65A98F6 '	'32-35'	'71-80'						'Bird of prey'	'Falcon'	'known'									
'E_3070'	'EURING'	'3070'	'S'	'Falco vespertinus'	'Red-footed Falcon'	'https://avibase.ca/997A9437 '	30	72						'Bird of prey'	'Falcon'	'known'									
'E_3090'	'EURING'	'3090'	'S'	'Falco columbarius'	'Merlin'	'https://avibase.ca/F3DA111C '	'25-30'	'50-62'						'Bird of prey'	'Falcon'	'known'									
'E_3100'	'EURING'	'3100'	'S'	'Falco subbuteo'	'Eurasian Hobby'	'https://avibase.ca/E91E287A '	'28-36'	'70-92'	'SOURCE(S)'	'BIRD'	'MARINE_MAMMAL'	'REPTILE'	'LAND_MAMMAL'	'Bird of prey'	'Falcon'	'known'									
'E_3180'	'EURING'	'3180'	'S'	'Falco rusticolus'	'Gyr Falcon'	'https://avibase.ca/E19252A7 '	'53-56'			't'	'f'	'f'	'f'	'Bird of prey'	'Falcon'	'known'									
'E_3200'	'EURING'	'3200'	'S'	'Falco peregrinus'	'Peregrine Falcon'	'https://avibase.ca/C7F1C08C '	'48-64'	123	'Red Throated Diver Bird Facts | Gavia Stellata - The RSPB'	't'	'f'	'f'	'f'	'Bird of prey'	'Falcon'	'known'									
'CU_3219'	'Custom'	'3219'	'S'	'Falco spec.'	'unidentified Falcon'				'https://www.rspb.org.uk/birds-and-wildlife/wildlife-guides/bird-a-z/black-throated-diver/'	't'	'f'	'f'	'f'	'Bird of prey'	'Falcon'	'known'									
'E_4070'	'EURING'	'4070'	'S'	'Rallus aquaticus'	'Water Rail'	'https://avibase.ca/DE1D2DF4 '	'23-28'	'38-45'	'https://www.rspb.org.uk/birds-and-wildlife/wildlife-guides/bird-a-z/great-northern-diver/'	't'	'f'	'f'	'f'	'Waterbird'	'Rail'	'known'									
'E_4240'	'EURING'	'4240'	'S'	'Gallinula chloropus'	'Common Moorhen'	'https://avibase.ca/8F82FF8C '	'32-35'	'50-55'	'https://animaldiversity.org/accounts/Gavia_adamsii/'	't'	'f'	'f'	'f'	'Waterbird'	'Rail'	'known'									
'E_4290'	'EURING'	'4290'	'S'	'Fulica atra'	'Common Coot'	'https://avibase.ca/B682B2A9 '	'36-38'	'70-80'		't'	'f'	'f'	'f'	'Waterbird'	'Rail'	'known'									
'CU_4291'	'Custom'	'4291'	'S'	'Fulica americana'	'American Coot'	'https://avibase.ca/4FB248BA '	38	'58-71'	'https://animaldiversity.org/accounts/Podilymbus_podiceps/#5759ee1d815bc431313a62bff0d198c0'	't'	'f'	'f'	'f'	'Waterbird'	'Rail'	'known'									
'E_4330'	'EURING'	'4330'	'S'	'Grus grus'	'Common Crane'	'https://avibase.ca/99B8841E '	'110-120'	'220-245'	'https://www.rspb.org.uk/birds-and-wildlife/wildlife-guides/bird-a-z/little-grebe/'	't'	'f'	'f'	'f'	'Waterbird'	'Crane'	'known'									
'E_4360'	'EURING'	'4360'	'S'	'Grus canadensis'	'Sandhill Crane'	'https://avibase.ca/E196D6F9 '	120	200	'https://www.rspb.org.uk/birds-and-wildlife/wildlife-guides/bird-a-z/great-crested-grebe/'	't'	'f'	'f'	'f'	'Waterbird'	'Crane'	'known'									
'E_4500'	'EURING'	'4500'	'S'	'Haematopus ostralegus'	'Eurasian Oystercatcher'	'https://avibase.ca/ED663165 '	'40-45'	'80-86'	'https://www.birdid.no/bird/eBook.php?specieID=1236'	't'	'f'	'f'	'f'	'Shorebird'	'Oystercatcher'	'known'									
'E_4560'	'EURING'	'4560'	'S'	'Recurvirostra avosetta'	'Pied Avocet'	'https://avibase.ca/C73ED2F5 '	'42-45'	'77-80'	'https://www.rspb.org.uk/birds-and-wildlife/wildlife-guides/bird-a-z/slavonian-grebe/'	't'	'f'	'f'	'f'	'Shorebird'	'Avocet'	'known'									
'E_4590'	'EURING'	'4590'	'S'	'Burhinus oedicnemus'	'Eurasian Stone-curlew'	'https://avibase.ca/C7DB323E '	'40-44'	'77-85'	'https://www.rspb.org.uk/birds-and-wildlife/wildlife-guides/bird-a-z/black-necked-grebe/'	't'	'f'	'f'	'f'	'Shorebird'	'Curlew'	'known'									
'E_4690'	'EURING'	'4690'	'S'	'Charadrius dubius'	'Little Ringed Plover'	'https://avibase.ca/35EC3BBF '	'14-15'	'42-48'		't'	'f'	'f'	'f'	'Shorebird'	'Plover'	'known'									
'E_4700'	'EURING'	'4700'	'S'	'Charadrius hiaticula'	'Ringed Plover'	'https://avibase.ca/EDA37B7C '	'18-20'	'48-57'		't'	'f'	'f'	'f'	'Shorebird'	'Plover'	'known'									
'E_4710'	'EURING'	'4710'	'S'	'Charadrius semipalmatus'	'Semipalmated Plover'	'https://avibase.ca/95E28A57 '	18.4	48.3		't'	'f'	'f'	'f'	'Shorebird'	'Plover'	'known'									
'CU_4711'	'Custom'	'4711'	'UI'	'Charadrius sp.'	'unidentified plover (Charadrius sp.)'				'http://www.marinespecies.org/aphia.php?p=taxdetails&id=212587'	't'	'f'	'f'	'f'	'Shorebird'	'Plover'	'unknown'									
'E_4770'	'EURING'	'4770'	'S'	'Charadrius alexandrinus'	'Kentish Plover'	'https://avibase.ca/0A787822 '	16	44	'https://www.rspb.org.uk/birds-and-wildlife/wildlife-guides/bird-a-z/fulmar/'	't'	'f'	'f'	'f'	'Shorebird'	'Plover'	'known'									
'E_4780'	'EURING'	'4780'	'S'	'Charadrius mongolus'	'Lesser Sand Plover'	'https://avibase.ca/8A4C4629 '	20	52	'https://www.inaturalist.org/taxa/4134-Bulweria-bulwerii'	't'	'f'	'f'	'f'	'Shorebird'	'Plover'	'known'									
'E_4840'	'EURING'	'4840'	'S'	'Pluvialis dominica'	'American Golden Plover'	'https://avibase.ca/2143A852 '	'23-30'	'45.7-66'	'https://www.birdid.no/bird/eBook.php?specieID=1257'	't'	'f'	'f'	'f'	'Shorebird'	'Plover'	'known'									
'E_4850'	'EURING'	'4850'	'S'	'Pluvialis apricaria'	'European Golden Plover'	'https://avibase.ca/25A20BA6 '	'26-29'	'67-76'	'https://www.rspb.org.uk/birds-and-wildlife/wildlife-guides/bird-a-z/great-shearwater/'	't'	'f'	'f'	'f'	'Shorebird'	'Plover'	'known'									
'CU_4851'	'Custom'	'4851'	'S'	'Pluvialis fulva'	'Pacific Golden Plover'	'https://avibase.ca/07C11CF3 '	24	64		't'	'f'	'f'	'f'	'Shorebird'	'Plover'	'known'									
'E_4860'	'EURING'	'4860'	'S'	'Pluvialis squatarola'	'Grey Plover'	'https://avibase.ca/27903EF7 '	28	77	'https://www.rspb.org.uk/birds-and-wildlife/wildlife-guides/bird-a-z/sooty-shearwater/'	't'	'f'	'f'	'f'	'Shorebird'	'Plover'	'known'									
'CU_4861'	'Custom'	'4861'	'UI'	'Pluvialis sp. '	'unidentified plover (Pluvialis sp.)'				'https://www.rspb.org.uk/birds-and-wildlife/wildlife-guides/bird-a-z/manx-shearwater/'	't'	'f'	'f'	'f'	'Shorebird'	'Plover'	'unknown'									
'E_4930'	'EURING'	'4930'	'S'	'Vanellus vanellus'	'Northern Lapwing'	'https://avibase.ca/F029489A '	'28-31'	'82-87'	'http://www.associaciocetacea.org/en/conservation/mediterranean-species/seabirds/yelkouan-shearwater/'	't'	'f'	'f'	'f'	'Shorebird'	'Plover'	'known'									
'CU_4931'	'Custom'	'4931'	'S'	'Vanellus gregarius'	'Sociable Lapwing '	'https://avibase.ca/D348C2D6 '	28	73	'https://www.rspb.org.uk/birds-and-wildlife/wildlife-guides/bird-a-z/balearic-shearwater/'	't'	'f'	'f'	'f'	'Shorebird'	'Plover'	'known'									
'E_4950'	'EURING'	'4950'	'S'	'Calidris tenuirostris'	'Great Knot'	'https://avibase.ca/09C51FA9 '	27	64	'https://app.bto.org/birdfacts/results/bob482.htm'	't'	'f'	'f'	'f'	'Shorebird'	'Knot'	'known'									
'E_4960'	'EURING'	'4960'	'S'	'Calidris canutus'	'Red Knot'	'https://avibase.ca/B5CE8FAD '	'23-25'	'47-54'		't'	'f'	'f'	'f'	'Shorebird'	'Knot'	'known'									
'E_4970'	'EURING'	'4970'	'S'	'Calidris alba'	'Sanderling'	'https://avibase.ca/06B9BD24 '	'20-21'	'36-39'		't'	'f'	'f'	'f'	'Shorebird'	'Sanderling'	'known'									
'E_5000'	'EURING'	'5000'	'S'	'Calidris ruficollis'	'Red-necked Stint'	'https://avibase.ca/BBDF2F1B '			'https://seamap-dev.env.duke.edu/species/174650/html'	't'	'f'	'f'	'f'	'Shorebird'	'Stint'	'known'									
'E_5010'	'EURING'	'5010'	'S'	'Calidris minuta'	'Little Stint'	'https://avibase.ca/9936FF4A '	'12 14 '	'34-37'	'https://www.birdid.no/bird/eBook.php?specieID=1278'	't'	'f'	'f'	'f'	'Shorebird'	'Stint'	'known'									
'E_5020'	'EURING'	'5020'	'S'	'Calidris temminckii'	'Temminck''s Stint'	'https://avibase.ca/5ACF7FB3 '	'13-15'	'34-37'	'https://www.rspb.org.uk/birds-and-wildlife/wildlife-guides/bird-a-z/leachs-petrel/'	't'	'f'	'f'	'f'	'Shorebird'	'Stint'	'known'									
'E_5030'	'EURING'	'5030'	'S'	'Calidris subminuta'	'Long-toed Stint'	'https://avibase.ca/7D629288 '	16	34.3	'https://www.oiseaux.net/birds/fea.s.petrel.html'	't'	'f'	'f'	'f'	'Shorebird'	'Stint'	'known'									
'E_5040'	'EURING'	'5040'	'S'	'Calidris minutilla'	'Least Sandpiper'	'https://avibase.ca/A47B0BD4 '	12	34		't'	'f'	'f'	'f'	'Shorebird'	'Sandpiper'	'known'									
'E_5060'	'EURING'	'5060'	'S'	'Calidris bairdii'	'Baird''s Sandpiper'	'https://avibase.ca/1F1AD154 '	15	43	'https://app.bto.org/birdfacts/results/bob560.htm'	't'	'f'	'f'	'f'	'Shorebird'	'Sandpiper'	'known'									
'E_5070'	'EURING'	'5070'	'S'	'Calidris melanotos'	'Pectoral Sandpiper'	'https://avibase.ca/ACC99F35 '	'19-23'	'38-44'	'http://portugal.inaturalist.org/taxa/204553-Oceanodroma-castro'	't'	'f'	'f'	'f'	'Shorebird'	'Sandpiper'	'known'									
'E_5090'	'EURING'	'5090'	'S'	'Calidris ferruginea'	'Curlew Sandpiper'	'https://avibase.ca/143A681C '	'18-23'	'38-41'		't'	'f'	'f'	'f'	'Shorebird'	'Sandpiper'	'known'									
'E_5100'	'EURING'	'5100'	'S'	'Calidris maritima'	'Purple Sandpiper'	'https://avibase.ca/0A0B8431 '	'20-22'	'40-44'		't'	'f'	'f'	'f'	'Shorebird'	'Sandpiper'	'known'									
'E_5120'	'EURING'	'5120'	'S'	'Calidris alpina'	'Dunlin'	'https://avibase.ca/15369E8E '	'16-20'	'35-40'	'https://animaldiversity.org/accounts/Morus_bassanus/'	't'	'f'	'f'	'f'	'Shorebird'	'Dunlin'	'known'									
'CU_5129'	'Custom'	'5129'	'UI'		'unidentified sandpiper'				'https://www.rspb.org.uk/birds-and-wildlife/wildlife-guides/bird-a-z/cormorant/'	't'	'f'	'f'	'f'	'Shorebird'	'Sandpiper'	'unknown'									
'E_5140'	'EURING'	'5140'	'S'	'Limicola falcinellus'	'Broad-billed Sandpiper'	'https://avibase.ca/0A14882F '	16	38	'https://animaldiversity.org/accounts/Phalacrocorax_carbo/'	't'	'f'	'f'	'f'	'Shorebird'	'Sandpiper'	'known'									
'E_5160'	'EURING'	'5160'	'S'	'Tryngites subruficollis'	'Buff-breasted Sandpiper'	'https://avibase.ca/3A3C62BC '	19	45	'https://www.rspb.org.uk/birds-and-wildlife/wildlife-guides/bird-a-z/shag/'	't'	'f'	'f'	'f'	'Shorebird'	'Sandpiper'	'known'									
'E_5170'	'EURING'	'5170'	'S'	'Philomachus pugnax'	'Ruff'	'https://avibase.ca/2DABF98F '	'20-32'	'46-58'		't'	'f'	'f'	'f'	'Shorebird'	'Ruff'	'known'									
'E_5180'	'EURING'	'5180'	'S'	'Lymnocryptes minimus'	'Jack Snipe'	'https://avibase.ca/1A15F0C6 '	'17-19'	'38-42'	'https://www.birdid.no/bird/eBook.php?specieID=1144'	't'	'f'	'f'	'f'	'Shorebird'	'Snipe'	'known'									
'E_5190'	'EURING'	'5190'	'S'	'Gallinago gallinago'	'Common Snipe'	'https://avibase.ca/9151E0BA '	'23-28'	'39-45'	'https://www.birdid.no/bird/eBook.php?specieID=1433'	't'	'f'	'f'	'f'	'Shorebird'	'Snipe'	'known'									
'E_5290'	'EURING'	'5290'	'S'	'Scolopax rusticola'	'Eurasian Woodcock'	'https://avibase.ca/BFE14290 '	'33-35'	'55-65'	'http://www.sfzoo.org/animals/birds/pink-backed-pelican.htm#:~:text=Pink%2Dbacked%20pelicans%20are%20one,wingspan%20of%207%20%E2%80%93%209.5%20feet.'	't'	'f'	'f'	'f'	'Shorebird'	'Woodcock'	'known'									
'E_5320'	'EURING'	'5320'	'S'	'Limosa limosa'	'Black-tailed Godwit'	'https://avibase.ca/454B5CD5 '	'40-44'	'70-82'		't'	'f'	'f'	'f'	'Shorebird'	'Godwit'	'known'									
'E_5340'	'EURING'	'5340'	'S'	'Limosa lapponica'	'Bar-tailed Godwit'	'https://avibase.ca/9A684C99 '	'37-39'	'70-80'	'https://animaldiversity.org/accounts/Botaurus_stellaris/'	't'	'f'	'f'	'f'	'Shorebird'	'Godwit'	'known'									
'E_5380'	'EURING'	'5380'	'S'	'Numenius phaeopus'	'Whimbrel'	'https://avibase.ca/082F3A63 '	'40-46'	'71-81'	'https://archives.lib.state.ma.us/bitstream/handle/2452/423104/ocn954244415.pdf?sequence=1&isAllowed=y'	't'	'f'	'f'	'f'	'Shorebird'	'Whimbrel'	'known'									
'E_5410'	'EURING'	'5410'	'S'	'Numenius arquata'	'Eurasian Curlew'	'https://avibase.ca/3BB5CBA6 '	'50-60'	'80-100'	'https://www.birdid.no/bird/eBook.php?specieID=1143'	't'	'f'	'f'	'f'	'Shorebird'	'Curlew'	'known'									
'E_5450'	'EURING'	'5450'	'S'	'Tringa erythropus'	'Spotted Redshank'	'https://avibase.ca/0895DD84 '	'29-31'	'61-67'	'https://www.birdid.no/bird/eBook.php?specieID=1528'	't'	'f'	'f'	'f'	'Shorebird'	'Redshank'	'known'									
'E_5460'	'EURING'	'5460'	'S'	'Tringa totanus'	'Common Redshank'	'https://avibase.ca/D6BFC73A '	28	62	'https://app.bto.org/birdfacts/results/bob1070.htm'	't'	'f'	'f'	'f'	'Shorebird'	'Redshank'	'known'									
'E_5470'	'EURING'	'5470'	'S'	'Tringa stagnatilis'	'Marsh Sandpiper'	'https://avibase.ca/15CF9352 '	23	57	'https://www.birdid.no/bird/eBook.php?specieID=1880'	't'	'f'	'f'	'f'	'Shorebird'	'Sandpiper'	'known'									
'E_5480'	'EURING'	'5480'	'S'	'Tringa nebularia'	'Common Greenshank'	'https://avibase.ca/18B415D2 '	32	69	'https://www.rspb.org.uk/birds-and-wildlife/wildlife-guides/bird-a-z/cattle-egret/'	't'	'f'	'f'	'f'	'Shorebird'	'Greenshank'	'known'									
'E_5530'	'EURING'	'5530'	'S'	'Tringa ochropus'	'Green Sandpiper'	'https://avibase.ca/A7B17EFC '	22	59	'https://www.rspb.org.uk/birds-and-wildlife/wildlife-guides/bird-a-z/little-egret/'	't'	'f'	'f'	'f'	'Shorebird'	'Sandpiper'	'known'									
'E_5540'	'EURING'	'5540'	'S'	'Tringa glareola'	'Wood Sandpiper'	'https://avibase.ca/8E67DC5F '	'19-21'	'36-40'	'https://www.wildlifetrusts.org/wildlife-explorer/birds/herons-egrets-and-spoonbill/great-white-egret'	't'	'f'	'f'	'f'	'Shorebird'	'Sandpiper'	'known'									
'E_5560'	'EURING'	'5560'	'S'	'Actitis hypoleucos'	'Common Sandpiper'	'https://avibase.ca/8548B07E '	'19-21'	'32-35'	'https://www.rspb.org.uk/birds-and-wildlife/wildlife-guides/bird-a-z/grey-heron/'	't'	'f'	'f'	'f'	'Shorebird'	'Sandpiper'	'known'									
'E_5610'	'EURING'	'5610'	'S'	'Arenaria interpres'	'Ruddy Turnstone'	'https://avibase.ca/DC3050A9 '	'21-24'	'50-57'	'https://animaldiversity.org/accounts/Ardea_purpurea/'	't'	'f'	'f'	'f'	'Shorebird'	'Turnstone'	'known'									
'E_5630'	'EURING'	'5630'	'S'	'Phalaropus tricolor'	'Wilson''s Phalarope'	'https://avibase.ca/667C6969 '	'22-24'	'39-43'	'https://animaldiversity.org/accounts/Ciconia_nigra/'	't'	'f'	'f'	'f'	'Shorebird'	'Phalarope'	'known'									
'E_5640'	'EURING'	'5640'	'S'	'Phalaropus lobatus'	'Red-necked Phalarope'	'https://avibase.ca/E6F3BA54 '	'18-19'	'32-41'	'https://animaldiversity.org/accounts/Ciconia_ciconia/'	't'	'f'	'f'	'f'	'Shorebird'	'Phalarope'	'known'									
'CU_5645'	'Custom'	'5645'	'UI'		'unidentified phalarope'				'https://app.bto.org/birdfacts/results/bob1360.htm'	't'	'f'	'f'	'f'	'Shorebird'	'Phalarope'	'unknown'									
'E_5650'	'EURING'	'5650'	'S'	'Phalaropus fulicarius'	'Grey Phalarope'	'https://avibase.ca/18A19380 '	'20-22'	'34-41'	'https://animaldiversity.org/accounts/Threskiornis_aethiopicus/'	't'	'f'	'f'	'f'	'Shorebird'	'Phalarope'	'known'									
'CU_5659'	'Custom'	'5659'	'UI'		'unidentified wader'				'https://www.rspb.org.uk/birds-and-wildlife/wildlife-guides/bird-a-z/spoonbill/'	't'	'f'	'f'	'f'	'Shorebird'	'Wader'	'unknown'									
'E_5660'	'EURING'	'5660'	'S'	'Stercorarius pomarinus'	'Pomarine Skua'	'https://avibase.ca/7CB8F5B7 '	'46-51'	'113-125'		't'	'f'	'f'	'f'	'Seabird'	'Skua'	'known'									
'E_5670'	'EURING'	'5670'	'S'	'Stercorarius parasiticus'	'Arctic Skua'	'https://avibase.ca/39086887 '	'41-46'	'110-125'	'https://www.rspb.org.uk/birds-and-wildlife/wildlife-guides/bird-a-z/mute-swan/'	't'	'f'	'f'	'f'	'Seabird'	'Skua'	'known'									
'E_5680'	'EURING'	'5680'	'S'	'Stercorarius longicaudus'	'Long-tailed Skua'	'https://avibase.ca/1D446440 '	50	111	'https://www.allaboutbirds.org/guide/Tundra_Swan/id'	't'	'f'	'f'	'f'	'Seabird'	'Skua'	'known'									
'E_5690'	'EURING'	'5690'	'S'	'Stercorarius skua'	'Great Skua'	'https://avibase.ca/BB041C6E '	'53-58'	'125-140'	'https://www.rspb.org.uk/birds-and-wildlife/wildlife-guides/bird-a-z/whooper-swan/'	't'	'f'	'f'	'f'	'Seabird'	'Skua'	'known'									
'CU_5698'	'Custom'	'5698'	'SG'	'S. parasiticus / S. pomarinus'	'Arctic/Pomarine Skua'		'?'		'https://www.rspb.org.uk/birds-and-wildlife/wildlife-guides/bird-a-z/bewicks-swan/'	't'	'f'	'f'	'f'	'Seabird'	'Skua'	'known'									
'CU_5699'	'Custom'	'5699'	'SG'	'S. parasiticus / S. pomarinus / S. longicaudus'	'Arctic/Pomarine/Long-tailed Skua'		'?'			't'	'f'	'f'	'f'	'Seabird'	'Skua'	'known'									
'CU_5709'	'Custom'	'5709'	'UI'	'Stercorarius sp.'	'unidentified Skua'				'https://animaldiversity.org/accounts/Anser_cygnoides/'	't'	'f'	'f'	'f'	'Seabird'	'Skua'	'unknown'									
'E_5750'	'EURING'	'5750'	'S'	'Larus melanocephalus'	'Mediterranean Gull'	'https://avibase.ca/052BFA8A '	'36-38'	'92-100'	'https://www.rspb.org.uk/birds-and-wildlife/wildlife-guides/bird-a-z/snow-goose/'	't'	'f'	'f'	'f'	'Seabird'	'Gull'	'known'									
'E_5780'	'EURING'	'5780'	'S'	'Larus minutus'	'Little Gull'	'https://avibase.ca/F89FD6E3 '	'25-27'	'70-78'	'https://www.rspb.org.uk/birds-and-wildlife/wildlife-guides/bird-a-z/taiga-bean-goose/'	't'	'f'	'f'	'f'	'Seabird'	'Gull'	'known'									
'E_5790'	'EURING'	'5790'	'S'	'Larus sabini'	'Sabine''s Gull'	'https://avibase.ca/86182656 '	30	95	'https://www.rspb.org.uk/birds-and-wildlife/wildlife-guides/bird-a-z/pink-footed-goose/'	't'	'f'	'f'	'f'	'Seabird'	'Gull'	'known'									
'E_5820'	'EURING'	'5820'	'S'	'Larus ridibundus'	'Black-headed Gull'	'https://avibase.ca/FB02DD96 '			'https://www.rspb.org.uk/birds-and-wildlife/wildlife-guides/bird-a-z/white-fronted-goose/'	't'	'f'	'f'	'f'	'Seabird'	'Gull'	'known'									
'E_5900'	'EURING'	'5900'	'S'	'Larus canus'	'Common Gull'	'https://avibase.ca/00DA9D91 '	'40-42'	'110-130'	'https://app.bto.org/birdfacts/results/bob1600.htm'	't'	'f'	'f'	'f'	'Seabird'	'Gull'	'known'									
'E_5901'	'EURING'	'5901'	'S'	'Chroicocephalus philadelphia'	'Bonaparte''s gull'	'https://avibase.ca/0337440E '	29	95	'https://www.rspb.org.uk/birds-and-wildlife/wildlife-guides/bird-a-z/greylag-goose/'	't'	'f'	'f'	'f'	'Seabird'	'Gull'	'known'									
'E_5902'	'EURING'	'5902'	'S'	'Leucophaeus pipixcan'	'Franklin''s gull'	'https://avibase.ca/57C93A74 '	24	90	'https://animaldiversity.org/accounts/Anser_indicus/'	't'	'f'	'f'	'f'	'Seabird'	'Gull'	'known'									
'CU_5909'	'Custom'	'5909'	'UI'		'unidentified small gull'				'https://www.rspb.org.uk/birds-and-wildlife/wildlife-guides/bird-a-z/canada-goose/'	't'	'f'	'f'	'f'	'Seabird'	'Gull'	'unknown'									
'E_5910'	'EURING'	'5910'	'S'	'Larus fuscus'	'Lesser Black-backed Gull'	'https://avibase.ca/49025D8B '	'52-64'	'135-150'	'https://www.rspb.org.uk/birds-and-wildlife/wildlife-guides/bird-a-z/barnacle-goose/'	't'	'f'	'f'	'f'	'Seabird'	'Gull'	'known'									
'E_5920'	'EURING'	'5920'	'S'	'Larus argentatus'	'Herring Gull'	'https://avibase.ca/F002188E '	'54-60'	'130-150'	'https://www.rspb.org.uk/birds-and-wildlife/wildlife-guides/bird-a-z/brent-goose/'	't'	'f'	'f'	'f'	'Seabird'	'Gull'	'known'									
'CU_5921'	'Custom'	'5921'	'S'	'Larus smithsonianus'	'American Herring Gull'	'https://avibase.ca/60F32AF8 '	60	135	'https://app.bto.org/birdfacts/results/bob1690.htm'	't'	'f'	'f'	'f'	'Seabird'	'Gull'	'known'									
'CU_5926'	'Custom'	'5926'	'S'	'Larus (argentatus) michahellis'	'Yellow-legged Gull'	'https://avibase.ca/E074D706 '	'55-67'	149	'https://www.rspb.org.uk/birds-and-wildlife/wildlife-guides/bird-a-z/egyptian-goose/'	't'	'f'	'f'	'f'	'Seabird'	'Gull'	'known'									
'CU_5927'	'Custom'	'5927'	'S'	'Larus (argentatus) cachinnans'	'Caspian Gull'	'https://avibase.ca/93CA037F '	63	140	'https://animaldiversity.org/accounts/Anser_canagicus/   https://animalia.bio/emperor-goose'	't'	'f'	'f'	'f'	'Seabird'	'Gull'	'known'									
'CU_5929'	'Custom'	'5929'	'SG'	'L. argentatus/ L. canus'	'Herring/Common Gull'		'?'			't'	'f'	'f'	'f'	'Seabird'	'Gull'	'known'									
'E_5980'	'EURING'	'5980'	'S'	'Larus glaucoides'	'Iceland Gull'	'https://avibase.ca/69E83944 '	'52-60'	'130-158'	'https://app.bto.org/birdfacts/results/bob1710.htm'	't'	'f'	'f'	'f'	'Seabird'	'Gull'	'known'									
'E_5990'	'EURING'	'5990'	'S'	'Larus hyperboreus'	'Glaucous Gull'	'https://avibase.ca/A59FA446 '	'62-68'	'150-165'	'https://www.rspb.org.uk/birds-and-wildlife/wildlife-guides/bird-a-z/shelduck/'	't'	'f'	'f'	'f'	'Seabird'	'Gull'	'known'									
'E_6000'	'EURING'	'6000'	'S'	'Larus marinus'	'Great Black-backed Gull'	'https://avibase.ca/E826E9F3 '	'64-78'	'150-165'	'https://www.rspb.org.uk/birds-and-wildlife/wildlife-guides/bird-a-z/wigeon/'	't'	'f'	'f'	'f'	'Seabird'	'Gull'	'known'									
'CU_6005'	'Custom'	'6005'	'UI'		'unidentified large gull'				'https://animaldiversity.org/accounts/Anas_americana/'	't'	'f'	'f'	'f'	'Seabird'	'Gull'	'unknown'									
'CU_6008'	'Custom'	'6008'	'SG'	'L. marinus / L. fuscus'	'Great/Lesser Black-backed Gull'					't'	'f'	'f'	'f'	'Seabird'	'Gull'	'known'									
'CU_6009'	'Custom'	'6009'	'UI'		'unidentified Gull (Genus)'				'https://animaldiversity.org/accounts/Anas_falcata/'	't'	'f'	'f'	'f'	'Seabird'	'Gull'	'unknown'									
'E_6010'	'EURING'	'6010'	'S'	'Rhodostethia rosea'	'Ross'' Gull'	'https://avibase.ca/4CD353D2 '	30	85	'https://app.bto.org/birdfacts/results/bob1842.htm'	't'	'f'	'f'	'f'	'Seabird'	'Gull'	'known'									
'E_6020'	'EURING'	'6020'	'S'	'Rissa tridactyla'	'Black-legged Kittiwake'	'https://avibase.ca/FB4D08F0 '	'38-40'	'95-110'	'https://www.rspb.org.uk/birds-and-wildlife/wildlife-guides/bird-a-z/gadwall/'	't'	'f'	'f'	'f'	'Seabird'	'Gull'	'known'									
'E_6040'	'EURING'	'6040'	'S'	'Pagophila eburnea'	'Ivory Gull'	'https://avibase.ca/FED91A1F '	42	114	'https://animaldiversity.org/accounts/Anas_formosa/'	't'	'f'	'f'	'f'	'Seabird'	'Gull'	'known'									
'CU_6049'	'Custom'	'6049'	'UI'	'Laridae sp.'	'unidentified gull'				'https://www.rspb.org.uk/birds-and-wildlife/wildlife-guides/bird-a-z/teal/'	't'	'f'	'f'	'f'	'Seabird'	'Gull'	'unknown'									
'E_6050'	'EURING'	'6050'	'S'	'Gelochelidon nilotica'	'Gull-billed Tern'	'https://avibase.ca/87168739 '	36	108	'https://www.rspb.org.uk/birds-and-wildlife/wildlife-guides/bird-a-z/mallard/'	't'	'f'	'f'	'f'	'Seabird'	'Tern'	'known'									
'E_6060'	'EURING'	'6060'	'S'	'Sterna caspia'	'Caspian Tern'	'https://avibase.ca/BC06BC0D '	50	138	'https://animaldiversity.org/accounts/Anas_acuta/'	't'	'f'	'f'	'f'	'Seabird'	'Tern'	'known'									
'E_6110'	'EURING'	'6110'	'S'	'Sterna sandvicensis'	'Sandwich Tern'	'https://avibase.ca/04B49AE7 '	'36-41'	'95-105'	'https://www.rspb.org.uk/birds-and-wildlife/wildlife-guides/bird-a-z/garganey/'	't'	'f'	'f'	'f'	'Seabird'	'Tern'	'known'									
'E_6140'	'EURING'	'6140'	'S'	'Sterna dougallii'	'Roseate Tern'	'https://avibase.ca/74236837 '	'33-38'	'72-80'	'https://animaldiversity.org/accounts/Anas_discors/'	't'	'f'	'f'	'f'	'Seabird'	'Tern'	'known'									
'E_6150'	'EURING'	'6150'	'S'	'Sterna hirundo'	'Common Tern'	'https://avibase.ca/4D2FF6F1 '	'31-35'	'77-98'	'https://www.rspb.org.uk/birds-and-wildlife/wildlife-guides/bird-a-z/shoveler/'	't'	'f'	'f'	'f'	'Seabird'	'Tern'	'known'									
'E_6160'	'EURING'	'6160'	'S'	'Sterna paradisaea'	'Arctic Tern'	'https://avibase.ca/BDC5CF80 '	'33-35'	'75-85'		't'	'f'	'f'	'f'	'Seabird'	'Tern'	'known'									
'CU_6169'	'Custom'	'6169'	'SG'	'S. hirundo / S. paradisaea'	'Common/Arctic Tern'				'https://www.rspb.org.uk/birds-and-wildlife/wildlife-guides/bird-a-z/red-crested-pochard/'	't'	'f'	'f'	'f'	'Seabird'	'Tern'	'known'									
'E_6180'	'EURING'	'6180'	'S'	'Sterna forsteri'	'Forster''s Tern'	'https://avibase.ca/D13B9122 '			'https://www.rspb.org.uk/birds-and-wildlife/wildlife-guides/bird-a-z/pochard/'	't'	'f'	'f'	'f'	'Seabird'	'Tern'	'known'									
'CU_6181'	'Custom'	'6181'	'S'	'Thalasseus elegans'	'Elegant Tern'	'https://avibase.ca/3F9E1C51 '	40	78	'https://www.rspb.org.uk/birds-and-wildlife/wildlife-guides/bird-a-z/tufted-duck/'	't'	'f'	'f'	'f'	'Seabird'	'Tern'	'known'									
'CU_6182'	'Custom'	'6182'	'S'	'Sterna bengalensis'	'Lesser Crested Tern'	'https://avibase.ca/D01CDECD '	36	98	'https://www.rspb.org.uk/birds-and-wildlife/wildlife-guides/bird-a-z/scaup/'	't'	'f'	'f'	'f'	'Seabird'	'Tern'	'known'									
'CU_6183'	'Custom'	'6183'	'S'	'Onychoprion fuscatus'	'Sooty Tern'	'https://avibase.ca/3E7F825D '	40	88	'https://www.allaboutbirds.org/guide/Lesser_Scaup/id'	't'	'f'	'f'	'f'	'Seabird'	'Tern'	'known'									
'E_6240'	'EURING'	'6240'	'S'	'Sterna albifrons'	'Little Tern'	'https://avibase.ca/17310BF0 '	'22-24'	'48-55'		't'	'f'	'f'	'f'	'Seabird'	'Tern'	'known'									
'CU_6259'	'Custom'	'6259'	'UI'	'Sterna sp.'	'unidentified tern'				'https://www.rspb.org.uk/birds-and-wildlife/wildlife-guides/bird-a-z/eider/'	't'	'f'	'f'	'f'	'Seabird'	'Tern'	'unknown'									
'E_6270'	'EURING'	'6270'	'S'	'Chlidonias niger'	'Black Tern'	'https://avibase.ca/115AF02D '	'22-24'	'64-68'	'https://animaldiversity.org/accounts/Somateria_spectabilis/'	't'	'f'	'f'	'f'	'Seabird'	'Tern'	'known'									
'E_6280'	'EURING'	'6280'	'S'	'Chlidonias leucopterus'	'White-winged Black Tern'	'https://avibase.ca/43CAAEE3 '	22	65	'https://www.birdid.no/bird/eBook.php?specieID=1761'	't'	'f'	'f'	'f'	'Seabird'	'Tern'	'known'									
'CU_6281'	'Custom'	'6281'	'S'	'Chlidonias hybrida'	'Whiskered Tern'	'https://avibase.ca/7AB4E42B '	24	76	'https://www.rspb.org.uk/birds-and-wildlife/wildlife-guides/bird-a-z/long-tailed-duck/'	't'	'f'	'f'	'f'	'Seabird'	'Tern'	'known'									
'CU_6319'	'Custom'	'6319'	'UI'	'Sternidae/Chlidonias sp.'	'unidentified tern'				'https://www.rspb.org.uk/birds-and-wildlife/wildlife-guides/bird-a-z/common-scoter/'	't'	'f'	'f'	'f'	'Seabird'	'Tern'	'unknown'									
'E_6340'	'EURING'	'6340'	'S'	'Uria aalge'	'Common Guillemot'	'https://avibase.ca/39F29B55 '	'38-45'	'64-73'		't'	'f'	'f'	'f'	'Seabird'	'Auk'	'known'									
'CU_6345'	'Custom'	'6345'	'SG'	'Uria aalge / Alca torda'	'Common Guillemot/Razorbill'				'https://app.bto.org/birdfacts/results/bob2140.htm'	't'	'f'	'f'	'f'	'Seabird'	'Auk'	'known'									
'E_6350'	'EURING'	'6350'	'S'	'Uria lomvia'	'Brünnich''s Guillemot'	'https://avibase.ca/B70B5840 '	41	69	'https://www.ducks.org/hunting/waterfowl-id/white-winged-scoter'	't'	'f'	'f'	'f'	'Seabird'	'Auk'	'known'									
'E_6360'	'EURING'	'6360'	'S'	'Alca torda'	'Razorbill'	'https://avibase.ca/64F4DD81 '	'37-39'	'63-67'	'https://www.rspb.org.uk/birds-and-wildlife/wildlife-guides/bird-a-z/velvet-scoter/'	't'	'f'	'f'	'f'	'Seabird'	'Auk'	'known'									
'E_6380'	'EURING'	'6380'	'S'	'Cepphus grylle'	'Black Guillemot'	'https://avibase.ca/B5AA5952 '	'30-32'	'52-58'	'https://animaldiversity.org/accounts/Bucephala_islandica/'	't'	'f'	'f'	'f'	'Seabird'	'Auk'	'known'									
'E_6470'	'EURING'	'6470'	'S'	'Alle alle'	'Little Auk'	'https://avibase.ca/B0932D89 '	'17-19'	'40-48'	'https://www.rspb.org.uk/birds-and-wildlife/wildlife-guides/bird-a-z/goldeneye/'	't'	'f'	'f'	'f'	'Seabird'	'Auk'	'known'									
'E_6540'	'EURING'	'6540'	'S'	'Fratercula arctica'	'Atlantic Puffin'	'https://avibase.ca/2771624B '	'26-29'	'47-63'	'https://www.rspb.org.uk/birds-and-wildlife/wildlife-guides/bird-a-z/smew/'	't'	'f'	'f'	'f'	'Seabird'	'Auk'	'known'									
'CU_6549'	'Custom'	'6549'	'UI'	'Aclidae sp.'	'unidentified auk'				'https://app.bto.org/birdfacts/results/bob2210.htm'	't'	'f'	'f'	'f'	'Seabird'	'Auk'	'unknown'									
'E_6650'	'EURING'	'6650'	'S'	'Columba livia'	'Rock Pigeon'	'https://avibase.ca/BBA263C2 '	'31-34'	'63-70'	'https://www.rspb.org.uk/birds-and-wildlife/wildlife-guides/bird-a-z/goosander/'	't'	'f'	'f'	'f'	'Terrestrial '	'Columbidae'	'known'									
'CU_6657'	'Custom'	'6657'	'S'	'Columba domestica'	'Domestic Pigeon'	'https://avibase.ca/533DD36C '	'32-37'	'64-72'	'https://animaldiversity.org/accounts/Lophodytes_cucullatus/'	't'	'f'	'f'	'f'	'Terrestrial '	'Columbidae'	'known'									
'E_6680'	'EURING'	'6680'	'S'	'Columba oenas'	'Stock Pigeon'	'https://avibase.ca/68E4C0D1 '	'30-33'	'60-66'		't'	'f'	'f'	'f'	'Terrestrial '	'Columbidae'	'known'									
'E_6700'	'EURING'	'6700'	'S'	'Columba palumbus'	'Common Wood Pigeon'	'https://avibase.ca/760F307A '	'40-42'	'75-80'		't'	'f'	'f'	'f'	'Terrestrial '	'Columbidae'	'known'									
'E_6840'	'EURING'	'6840'	'S'	'Streptopelia decaocto'	'Eurasian Collared Dove'	'https://avibase.ca/41FACE63 '	32	51	'https://www.rspb.org.uk/birds-and-wildlife/wildlife-guides/bird-a-z/honey-buzzard/'	't'	'f'	'f'	'f'	'Terrestrial '	'Columbidae'	'known'									
'E_6870'	'EURING'	'6870'	'S'	'Streptopelia turtur'	'European Turtle Dove'	'https://avibase.ca/5788552B '	'26-28'	'47-53'	'https://animalia.bio/white-tailed-kite'	't'	'f'	'f'	'f'	'Terrestrial '	'Columbidae'	'known'									
'CU_6999'	'Custom'	'6999'	'UI'	'Columbidae sp.'	'unidentified dove/pigeon'				'https://animaldiversity.org/accounts/Milvus_migrans/'	't'	'f'	'f'	'f'	'Terrestrial '	'Columbidae'	'unknown'									
'E_7240'	'EURING'	'7240'	'S'	'Cuculus canorus'	'Common Cuckoo'	'https://avibase.ca/B3D2C3C5 '	33	58	'https://www.rspb.org.uk/birds-and-wildlife/wildlife-guides/bird-a-z/red-kite/'	't'	'f'	'f'	'f'	'Terrestrial '	'Cuckoo'	'known'									
'E_7350'	'EURING'	'7350'	'S'	'Tyto alba'	'Barn Owl'	'https://avibase.ca/96B91A68 '	34	89	'https://www.rspb.org.uk/birds-and-wildlife/wildlife-guides/bird-a-z/white-tailed-eagle/'	't'	'f'	'f'	'f'	'Bird of prey'	'Owl'	'known'									
'E_7390'	'EURING'	'7390'	'S'	'Otus scops'	'Eurasian Scops Owl'	'https://avibase.ca/2C7AA154 '	'19-20'	'53-63'	'https://animaldiversity.org/accounts/Haliaeetus_leucocephalus/'	't'	'f'	'f'	'f'	'Bird of prey'	'Owl'	'known'									
'E_7570'	'EURING'	'7570'	'S'	'Athene noctua'	'Little Owl'	'https://avibase.ca/9A7B268C '	'21-23'	'54-58'	'https://animaldiversity.org/accounts/Aquila_clanga/'	't'	'f'	'f'	'f'	'Bird of prey'	'Owl'	'known'									
'CU_7571'	'Custom'	'7571'	'S'	'Bubo scandiacus'	'Snowy Owl'	'https://avibase.ca/5B23B360 '	60	154	'https://www.rspb.org.uk/birds-and-wildlife/wildlife-guides/bird-a-z/marsh-harrier/'	't'	'f'	'f'	'f'	'Bird of prey'	'Owl'	'known'									
'E_7670'	'EURING'	'7670'	'S'	'Asio otus'	'Long-eared Owl'	'https://avibase.ca/FC4D40D2 '	'35-37'	'84-95'	'https://www.rspb.org.uk/birds-and-wildlife/wildlife-guides/bird-a-z/hen-harrier/'	't'	'f'	'f'	'f'	'Bird of prey'	'Owl'	'known'									
'E_7680'	'EURING'	'7680'	'S'	'Asio flammeus'	'Short-eared Owl'	'https://avibase.ca/8F123A11 '	'34-42'	'90-105'	'https://app.bto.org/birdfacts/results/bob2620.htm'	't'	'f'	'f'	'f'	'Bird of prey'	'Owl'	'known'									
'CU_7719'	'Custom'	'7719'	'UI'	'Strigidae sp.'	'unidentified owl'				'https://www.rspb.org.uk/birds-and-wildlife/wildlife-guides/bird-a-z/montagus-harrier/'	't'	'f'	'f'	'f'	'Bird of prey'	'Owl'	'unknown'									
'E_7900'	'EURING'	'7900'	'S'	'Chaetura pelagica'	'Chimney Swift'	'https://avibase.ca/C3AD1AFF '			'https://www.rspb.org.uk/birds-and-wildlife/wildlife-guides/bird-a-z/goshawk/'	't'	'f'	'f'	'f'	'Terrestrial '	'Swift'	'known'									
'E_7950'	'EURING'	'7950'	'S'	'Apus apus'	'Common Swift'	'https://avibase.ca/4E6EF3F9 '	'16-17'	'42-48'	'https://www.rspb.org.uk/birds-and-wildlife/wildlife-guides/bird-a-z/sparrowhawk/'	't'	'f'	'f'	'f'	'Terrestrial '	'Swift'	'known'									
'CU_7951'	'Custom'	'7951'	'S'	'Apus melba'	'Alpine Swift'	'https://avibase.ca/FA1CAD29 '	21	57	'https://www.rspb.org.uk/birds-and-wildlife/wildlife-guides/bird-a-z/buzzard/'	't'	'f'	'f'	'f'	'Terrestrial '	'Swift'	'known'									
'E_7960'	'EURING'	'7960'	'S'	'Apus pallidus'	'Pallid Swift'	'https://avibase.ca/332BC664 '	16	44	'https://www.rspb.org.uk/birds-and-wildlife/wildlife-guides/bird-a-z/rough-legged-buzzard/'	't'	'f'	'f'	'f'	'Terrestrial '	'Swift'	'known'									
'CU_7969'	'Custom'	'7969'	'UI'	'Apus sp.'	'unidentified swift '				'https://www.rspb.org.uk/birds-and-wildlife/wildlife-guides/bird-a-z/golden-eagle/'	't'	'f'	'f'	'f'	'Terrestrial '	'Swift'	'unknown'									
'E_8000'	'EURING'	'8000'	'S'	'Apus affinis'	'Little Swift'	'https://avibase.ca/D209A90C '	12	34		't'	'f'	'f'	'f'	'Terrestrial '	'Swift'	'known'									
'E_8560'	'EURING'	'8560'	'S'	'Picus viridis'	'Green Woodpecker'	'https://avibase.ca/A01014FF '	'30-40'	'40-42'	'https://www.rspb.org.uk/birds-and-wildlife/wildlife-guides/bird-a-z/osprey/'	't'	'f'	'f'	'f'	'Terrestrial '	'Woodpecker'	'known'									
'CU_8569'	'Custom'	'8569'	'UI'	'Dendrocopos/Picus sp.'	'unidentified woodpecker'				'https://animaldiversity.org/accounts/Falco_naumanni/'	't'	'f'	'f'	'f'	'Terrestrial '	'Woodpecker'	'unknown'									
'E_8760'	'EURING'	'8760'	'S'	'Dendrocopos major'	'Great Spotted Woodpecker'	'https://avibase.ca/D754DB85 '	22	36	'https://www.rspb.org.uk/birds-and-wildlife/wildlife-guides/bird-a-z/kestrel/'	't'	'f'	'f'	'f'	'Terrestrial '	'Woodpecker'	'known'									
'E_8980'	'EURING'	'8980'	'S'	'Dendrocopos tridactylus'	'Eurasian Three-toed Woodpecker'	'https://avibase.ca/05B8A4F1 '		'114-132'	'https://app.bto.org/birdfacts/results/bob3070.htm'	't'	'f'	'f'	'f'	'Terrestrial '	'Woodpecker'	'known'									
'E_9680'	'EURING'	'9680'	'S'	'Calandrella brachydactyla'	'Greater Short-toed Lark'	'https://avibase.ca/4091A51E '	14	28	'https://www.rspb.org.uk/birds-and-wildlife/wildlife-guides/bird-a-z/merlin/'	't'	'f'	'f'	'f'	'Terrestrial '	'Lark'	'known'									
'E_9740'	'EURING'	'9740'	'S'	'Lullula arborea'	'Wood Lark'	'https://avibase.ca/742EC2F1 '	15	'27-30'	'https://www.rspb.org.uk/birds-and-wildlife/wildlife-guides/bird-a-z/hobby/'	't'	'f'	'f'	'f'	'Terrestrial '	'Lark'	'known'									
'E_9760'	'EURING'	'9760'	'S'	'Alauda arvensis'	'Sky Lark'	'https://avibase.ca/2D9A3619 '	'18-19'	'30-36'	'https://animaldiversity.org/accounts/Falco_rusticolus/'	't'	'f'	'f'	'f'	'Terrestrial '	'Lark'	'known'									
'E_9780'	'EURING'	'9780'	'S'	'Eremophila alpestris'	'Horned Lark'	'https://avibase.ca/77AFF9B8 '	'18-20'	'31.12-35.56'	'https://www.allaboutbirds.org/guide/Gyrfalcon/id'	't'	'f'	'f'	'f'	'Terrestrial '	'Lark'	'known'									
'CU_9789'	'Custom'	'9789'	'UI'	'Syvioidea sp.'	'unidentified lark'					't'	'f'	'f'	'f'	'Terrestrial '	'Lark'	'unknown'									
'E_9810'	'EURING'	'9810'	'S'	'Riparia riparia'	'Sand Martin'	'https://avibase.ca/94A1C447 '	12	'26-29'	'https://www.rspb.org.uk/birds-and-wildlife/wildlife-guides/bird-a-z/water-rail/'	't'	'f'	'f'	'f'	'Terrestrial '	'Martin'	'known'									
'E_9920'	'EURING'	'9920'	'S'	'Hirundo rustica'	'Barn Swallow'	'https://avibase.ca/58C502EA '	'17-19'	'32-35'	'https://www.rspb.org.uk/birds-and-wildlife/wildlife-guides/bird-a-z/moorhen/'	't'	'f'	'f'	'f'	'Terrestrial '	'Swallow'	'known'									
'CU_9921'	'Custom'	'9921'	'S'	'Cecropis daurica'	'Red-rumped Swallow'	'https://avibase.ca/3690F067 '	16	33	'https://www.rspb.org.uk/birds-and-wildlife/wildlife-guides/bird-a-z/coot/'	't'	'f'	'f'	'f'	'Terrestrial '	'Swallow'	'known'									
'E_10010'	'EURING'	'10010'	'S'	'Delichon urbica'	'House Martin'	'https://avibase.ca/E4BB82F5 '	12	'26-29'	'https://animaldiversity.org/accounts/Fulica_americana/'	't'	'f'	'f'	'f'	'Terrestrial '	'Martin'	'known'									
'CU_10019'	'Custom'	'10019'	'UI'	'Hirundinidae sp.'	'unidentified swallow/martin'				'https://www.rspb.org.uk/birds-and-wildlife/wildlife-guides/bird-a-z/crane/'	't'	'f'	'f'	'f'	'Terrestrial '	'Martin'	'unknown'									
'E_10020'	'EURING'	'10020'	'S'	'Anthus richardi'	'Richard''s Pipit'	'https://avibase.ca/41ECD10E '	18	31	'https://animaldiversity.org/accounts/Grus_canadensis/'	't'	'f'	'f'	'f'	'Terrestrial '	'Pipit'	'known'									
'E_10050'	'EURING'	'10050'	'S'	'Anthus campestris'	'Tawny Pipit'	'https://avibase.ca/250CDA58 '	16	26	'https://app.bto.org/birdfacts/results/bob10050.htm'	't'	'f'	'f'	'f'	'Terrestrial '	'Pipit'	'known'									
'E_10080'	'EURING'	'10080'	'S'	'Anthus hodgsoni'	'Olive-backed Pipit'	'https://avibase.ca/25F7AF65 '	14	26	'https://app.bto.org/birdfacts/results/bob10080.htm'	't'	'f'	'f'	'f'	'Terrestrial '	'Pipit'	'known'									
'E_10090'	'EURING'	'10090'	'S'	'Anthus trivialis'	'Tree Pipit'	'https://avibase.ca/365F5E97 '	15	'25-27'	'https://www.rspb.org.uk/birds-and-wildlife/wildlife-guides/bird-a-z/tree-pipit/'	't'	'f'	'f'	'f'	'Terrestrial '	'Pipit'	'known'									
'E_10100'	'EURING'	'10100'	'S'	'Anthus gustavi'	'Pechora Pipit'	'https://avibase.ca/9DC4CC54 '	14	24	'https://app.bto.org/birdfacts/results/bob10100.htm'	't'	'f'	'f'	'f'	'Terrestrial '	'Pipit'	'known'									
'E_10110'	'EURING'	'10110'	'S'	'Anthus pratensis'	'Meadow Pipit'	'https://avibase.ca/14873249 '	14.5	'22-25'	'https://www.rspb.org.uk/birds-and-wildlife/wildlife-guides/bird-a-z/meadow-pipit/'	't'	'f'	'f'	'f'	'Terrestrial '	'Pipit'	'known'									
'CU_10111'	'Custom'	'10111'	'S'	'Anthus petrosus'	'Rock Pipit'	'https://avibase.ca/E1CBB1C2 '	16.5	'23-28'	'https://www.rspb.org.uk/birds-and-wildlife/wildlife-guides/bird-a-z/rock-pipit/'	't'	'f'	'f'	'f'	'Terrestrial '	'Pipit'	'known'									
'CU_10112'	'Custom'	'10112'	'S'	'Anthus rubescens'	'Buff-bellied Pipit'	'https://avibase.ca/8F268682 '	16	24	'https://app.bto.org/birdfacts/results/bob10144.htm'	't'	'f'	'f'	'f'	'Terrestrial '	'Pipit'	'known'									
'E_10120'	'EURING'	'10120'	'S'	'Anthus cervinus'	'Read-throated Pipit'	'https://avibase.ca/319D044A '	15	26	'https://app.bto.org/birdfacts/results/bob10120.htm'	't'	'f'	'f'	'f'	'Terrestrial '	'Pipit'	'known'									
'E_10140'	'EURING'	'10140'	'S'	'Anthus spinoletta'	'Water Pipit'	'https://avibase.ca/0A3FA185 '	17	'22.5-28'	'https://www.rspb.org.uk/birds-and-wildlife/wildlife-guides/bird-a-z/water-pipit/'	't'	'f'	'f'	'f'	'Terrestrial '	'Pipit'	'known'									
'CU_10159'	'Custom'	'10159'	'UI'	'Anthus sp.'	'unidentified pipit'					't'	'f'	'f'	'f'	'Terrestrial '	'Pipit'	'unknown'									
'E_10170'	'EURING'	'10170'	'S'	'Motacilla flava'	'Yellow Wagtail'	'https://avibase.ca/5983D677 '	17	'23-27'	'https://www.rspb.org.uk/birds-and-wildlife/wildlife-guides/bird-a-z/yellow-wagtail/'	't'	'f'	'f'	'f'	'Terrestrial '	'Wagtail'	'known'									
'E_10180'	'EURING'	'10180'	'S'	'Motacilla citreola'	'Citrine Wagtail'	'https://avibase.ca/5B0295C1 '	17	26	'https://app.bto.org/birdfacts/results/bob10180.htm'	't'	'f'	'f'	'f'	'Terrestrial '	'Wagtail'	'known'									
'E_10190'	'EURING'	'10190'	'S'	'Motacilla cinerea'	'Grey Wagtail'	'https://avibase.ca/AE073221 '	'18-19'	'25-27'	'https://www.rspb.org.uk/birds-and-wildlife/wildlife-guides/bird-a-z/grey-wagtail/'	't'	'f'	'f'	'f'	'Terrestrial '	'Wagtail'	'known'									
'E_10200'	'EURING'	'10200'	'S'	'Motacilla alba'	'Pied Wagtail'	'https://avibase.ca/34B07766 '	18	'25-30'	'https://www.rspb.org.uk/birds-and-wildlife/wildlife-guides/bird-a-z/pied-wagtail/'	't'	'f'	'f'	'f'	'Terrestrial '	'Wagtail'	'known'									
'E_10200'	'EURING'	'10200'	'S'	'Motacilla alba'	'White Wagtail'	'https://avibase.ca/80A3185D '	18	'25-30'	'https://www.rspb.org.uk/birds-and-wildlife/wildlife-guides/bird-a-z/pied-wagtail/'	't'	'f'	'f'	'f'	'Terrestrial '	'Wagtail'	'known'									
'CU_10239'	'Custom'	'10239'	'UI'	'Motacilla sp.'	'unidentified wagtail'					't'	'f'	'f'	'f'	'Terrestrial '	'Wagtail'	'unknown'									
'E_10660'	'EURING'	'10660'	'S'	'Troglodytes troglodytes'	'Winter Wren'	'https://avibase.ca/C757BD95 '	10-Sep	'13-17'	'https://www.rspb.org.uk/birds-and-wildlife/wildlife-guides/bird-a-z/wren/'	't'	'f'	'f'	'f'	'Terrestrial '	'Wren'	'known'									
'E_10840'	'EURING'	'10840'	'S'	'Prunella modularis'	' Dunnock (Hedge Accentor)'	'https://avibase.ca/26530C86 '	14	'19-21'	'https://www.rspb.org.uk/birds-and-wildlife/wildlife-guides/bird-a-z/dunnock/'	't'	'f'	'f'	'f'	'Terrestrial '	'Dunnock'	'known'									
'E_10990'	'EURING'	'10990'	'S'	'Erithacus rubecula'	'European Robin'	'https://avibase.ca/E68C3C70 '	14	'20-22'	'https://www.rspb.org.uk/birds-and-wildlife/wildlife-guides/bird-a-z/robin/'	't'	'f'	'f'	'f'	'Terrestrial '	'Robin'	'known'									
'E_11030'	'EURING'	'11030'	'S'	'Luscinia luscinia'	'Thrush Nightingale'	'https://avibase.ca/6EC66752 '	16	26	'https://app.bto.org/birdfacts/results/bob11030.htm'	't'	'f'	'f'	'f'	'Terrestrial '	'Nightingale'	'known'									
'E_11040'	'EURING'	'11040'	'S'	'Luscinia megarhynchos'	'Common Nightingale'	'https://avibase.ca/7C7F0DEE '	'15-17'	'23-26'	'https://www.rspb.org.uk/birds-and-wildlife/wildlife-guides/bird-a-z/nightingale/'	't'	'f'	'f'	'f'	'Terrestrial '	'Nightingale'	'known'									
'E_11060'	'EURING'	'11060'	'S'	'Luscinia svecica'	'Bluethroat'	'https://avibase.ca/AFD6FD81 '	14	'20-22.5'	'https://www.rspb.org.uk/birds-and-wildlife/wildlife-guides/bird-a-z/bluethroat/'	't'	'f'	'f'	'f'	'Terrestrial '	'Bluethroat'	'known'									
'E_11210'	'EURING'	'11210'	'S'	'Phoenicurus ochruros'	'Black Redstart'	'https://avibase.ca/612B5C24 '	14.5	'23-26'	'https://www.rspb.org.uk/birds-and-wildlife/wildlife-guides/bird-a-z/black-redstart/'	't'	'f'	'f'	'f'	'Terrestrial '	'Redstart'	'known'									
'E_11220'	'EURING'	'11220'	'S'	'Phoenicurus phoenicurus'	'Common Redstart'	'https://avibase.ca/06DD9D95 '	14	'20-24'	'https://www.rspb.org.uk/birds-and-wildlife/wildlife-guides/bird-a-z/redstart/'	't'	'f'	'f'	'f'	'Terrestrial '	'Redstart'	'known'									
'CU_11221'	'Custom'	'11221'	'S'	'Setophaga ruticilla'	'American Redstart'	'https://avibase.ca/BED38F50 '	'11 14'	19.7	'https://animaldiversity.org/accounts/Setophaga_ruticilla/'	't'	'f'	'f'	'f'	'Terrestrial '	'Redstart'	'known'									
'E_11370'	'EURING'	'11370'	'S'	'Saxicola rubetra'	'Whinchat'	'https://avibase.ca/A0EDAEA2 '	12.5	'21-24'	'https://www.rspb.org.uk/birds-and-wildlife/wildlife-guides/bird-a-z/whinchat/'	't'	'f'	'f'	'f'	'Terrestrial '	'Whinchat'	'known'									
'E_11390'	'EURING'	'11390'	'S'	'Saxicola torquata'	'Stonechat'	'https://avibase.ca/0EA8F8B9 '	12.5	'18-21'	'https://www.rspb.org.uk/birds-and-wildlife/wildlife-guides/bird-a-z/stonechat/'	't'	'f'	'f'	'f'	'Terrestrial '	'Stonechat'	'known'									
'E_11460'	'EURING'	'11460'	'S'	'Oenanthe oenanthe'	'Northern Wheatear'	'https://avibase.ca/DF526047 '	'14.5-15.5'	'26-32'	'https://www.rspb.org.uk/birds-and-wildlife/wildlife-guides/bird-a-z/wheatear/'	't'	'f'	'f'	'f'	'Terrestrial '	'Wheatear'	'known'									
'E_11860'	'EURING'	'11860'	'S'	'Turdus torquatus'	'Ring Ouzel'	'https://avibase.ca/CE71B4FF '	'23-24'	'38-42'	'https://www.rspb.org.uk/birds-and-wildlife/wildlife-guides/bird-a-z/ring-ouzel/'	't'	'f'	'f'	'f'	'Terrestrial '	'Thrush'	'known'									
'E_11870'	'EURING'	'11870'	'S'	'Turdus merula'	'Common Blackbird'	'https://avibase.ca/9E3252A7 '	'24-25'	'34-38.5'	'https://www.rspb.org.uk/birds-and-wildlife/wildlife-guides/bird-a-z/blackbird/'	't'	'f'	'f'	'f'	'Terrestrial '	'Thrush'	'known'									
'E_11980'	'EURING'	'11980'	'S'	'Turdus pilaris'	'Fieldfare'	'https://avibase.ca/D120D5A0 '	25	'39-42'	'https://www.rspb.org.uk/birds-and-wildlife/wildlife-guides/bird-a-z/fieldfare/'	't'	'f'	'f'	'f'	'Terrestrial '	'Thrush'	'known'									
'E_12000'	'EURING'	'12000'	'S'	'Turdus philomelos'	'Song Thrush'	'https://avibase.ca/D929EB21 '	23	'33-36'	'https://www.rspb.org.uk/birds-and-wildlife/wildlife-guides/bird-a-z/song-thrush/'	't'	'f'	'f'	'f'	'Terrestrial '	'Thrush'	'known'									
'E_12010'	'EURING'	'12010'	'S'	'Turdus iliacus'	'Redwing'	'https://avibase.ca/A8A85BCF '	21	'33-35'	'https://www.rspb.org.uk/birds-and-wildlife/wildlife-guides/bird-a-z/redwing/'	't'	'f'	'f'	'f'	'Terrestrial '	'Thrush'	'known'									
'E_12020'	'EURING'	'12020'	'S'	'Turdus viscivorus'	'Mistle Thrush'	'https://avibase.ca/A95B43F1 '	27	'42-48'	'https://www.rspb.org.uk/birds-and-wildlife/wildlife-guides/bird-a-z/mistle-thrush/'	't'	'f'	'f'	'f'	'Terrestrial '	'Thrush'	'known'									
'CU_12069'	'Custom'	'12069'	'UI'	'Turdus sp.'	'unidentified thrush'					't'	'f'	'f'	'f'	'Terrestrial '	'Thrush'	'unknown'									
'E_12360'	'EURING'	'12360'	'S'	'Locustella naevia'	'Common Grasshopper Warbler'	'https://avibase.ca/BC0E4C9F '	'12.5-13.5'	'15-19'	'https://www.rspb.org.uk/birds-and-wildlife/wildlife-guides/bird-a-z/grasshopper-warbler/'	't'	'f'	'f'	'f'	'Terrestrial '	'Warbler'	'known'									
'E_12430'	'EURING'	'12430'	'S'	'Acrocephalus schoenobaenus'	'Sedge Warbler'	'https://avibase.ca/FED5AED5 '	13	'17-21'	'https://www.birdid.no/bird/eBook.php?specieID=1700'	't'	'f'	'f'	'f'	'Terrestrial '	'Warbler'	'known'									
'E_12510'	'EURING'	'12510'	'S'	'Acrocephalus scirpaceus'	'Eurasian Reed Warbler'	'https://avibase.ca/4B3E6D25 '	13	'17-21'	'https://www.rspb.org.uk/birds-and-wildlife/wildlife-guides/bird-a-z/reed-warbler/'	't'	'f'	'f'	'f'	'Terrestrial '	'Warbler'	'known'									
'E_12590'	'EURING'	'12590'	'S'	'Hippolais icterina'	'Icterine Warbler'	'https://avibase.ca/869C978C '	14	22	'https://app.bto.org/birdfacts/results/bob12590.htm'	't'	'f'	'f'	'f'	'Terrestrial '	'Warbler'	'known'									
'E_12730'	'EURING'	'12730'	'S'	'Sylvia nisoria'	'Barred Warbler'	'https://avibase.ca/1EA60B94 '	16	25	'https://app.bto.org/birdfacts/results/bob12730.htm'	't'	'f'	'f'	'f'	'Terrestrial '	'Warbler'	'known'									
'E_12740'	'EURING'	'12740'	'S'	'Sylvia curruca'	'Lesser Whitethroat'	'https://avibase.ca/A99F93BC '	13	18	'https://www.rspb.org.uk/birds-and-wildlife/wildlife-guides/bird-a-z/lesser-whitethroat/'	't'	'f'	'f'	'f'	'Terrestrial '	'Whitethroat'	'known'									
'E_12750'	'EURING'	'12750'	'S'	'Sylvia communis'	'Common Whitethroat'	'https://avibase.ca/14AFBA82 '	14	'18.5-23'	'https://www.rspb.org.uk/birds-and-wildlife/wildlife-guides/bird-a-z/whitethroat/'	't'	'f'	'f'	'f'	'Terrestrial '	'Whitethroat'	'known'									
'E_12760'	'EURING'	'12760'	'S'	'Sylvia borin'	'Garden Warbler'	'https://avibase.ca/A6A4FC63 '	14	'20-24.5'	'https://www.rspb.org.uk/birds-and-wildlife/wildlife-guides/bird-a-z/garden-warbler/'	't'	'f'	'f'	'f'	'Terrestrial '	'Warbler'	'known'									
'E_12770'	'EURING'	'12770'	'S'	'Sylvia atricapilla'	'Blackcap'	'https://avibase.ca/61F9065B '	13	'20-23'	'https://www.rspb.org.uk/birds-and-wildlife/wildlife-guides/bird-a-z/blackcap/'	't'	'f'	'f'	'f'	'Terrestrial '	'Blackcap'	'known'									
'E_13110'	'EURING'	'13110'	'S'	'Phylloscopus collybita'	'Common Chiffchaff'	'https://avibase.ca/458C8CBE '	'10  11 '	'15-21'	'https://www.rspb.org.uk/birds-and-wildlife/wildlife-guides/bird-a-z/chiffchaff/'	't'	'f'	'f'	'f'	'Terrestrial '	'Chiffchaff'	'known'									
'CU_13119'	'Custom'	'13119'	'SG'	'P. collybita / P. trochilus'	'Chiffchaff/Willow Warbler'		'?'			't'	'f'	'f'	'f'	'Terrestrial '	'Warbler'	'known'									
'E_13120'	'EURING'	'13120'	'S'	'Phylloscopus trochilus'	'Willow Warbler'	'https://avibase.ca/88F4B969 '	'10.5-11.5'	'16-22'	'https://www.rspb.org.uk/birds-and-wildlife/wildlife-guides/bird-a-z/willow-warbler/'	't'	'f'	'f'	'f'	'Terrestrial '	'Warbler'	'known'									
'CU_13129'	'Custom'	'13129'	'UI'	'Phylloscopus sp.'	'Warbler sp.'					't'	'f'	'f'	'f'	'Terrestrial '	'Warbler'	'unknown'									
'E_13140'	'EURING'	'13140'	'S'	'Regulus regulus'	'Goldcrest'	'https://avibase.ca/A7CC62D6 '	9	14	'https://www.rspb.org.uk/birds-and-wildlife/wildlife-guides/bird-a-z/goldcrest/'	't'	'f'	'f'	'f'	'Terrestrial '	'Goldcrest'	'known'									
'E_13350'	'EURING'	'13350'	'S'	'Muscicapa striata'	'Spotted Flycatcher'	'https://avibase.ca/B142856F '	14	'23-25'	'https://www.rspb.org.uk/birds-and-wildlife/wildlife-guides/bird-a-z/spotted-flycatcher/'	't'	'f'	'f'	'f'	'Terrestrial '	'Flycatcher'	'known'									
'E_13490'	'EURING'	'13490'	'S'	'Ficedula hypoleuca'	'Pied Flycatcher'	'https://avibase.ca/6E352E18 '	13	'21-24'	'https://www.rspb.org.uk/birds-and-wildlife/wildlife-guides/bird-a-z/pied-flycatcher/'	't'	'f'	'f'	'f'	'Terrestrial '	'Flycatcher'	'known'									
'E_14370'	'EURING'	'14370'	'S'	'Aegithalos caudatus'	'Long-tailed Tit'	'https://avibase.ca/547163C2 '	14	'16-19'	'https://www.rspb.org.uk/birds-and-wildlife/wildlife-guides/bird-a-z/long-tailed-tit/'	't'	'f'	'f'	'f'	'Terrestrial '	'Tit'	'known'									
'E_14620'	'EURING'	'14620'	'S'	'Parus caeruleus'	'Blue Tit'	'https://avibase.ca/9BE53D34 '	12	18	'https://www.rspb.org.uk/birds-and-wildlife/wildlife-guides/bird-a-z/blue-tit/'	't'	'f'	'f'	'f'	'Terrestrial '	'Tit'	'known'									
'E_14640'	'EURING'	'14640'	'S'	'Parus major'	'Great Tit'	'https://avibase.ca/7296BC77 '	14	24	'https://www.rspb.org.uk/birds-and-wildlife/wildlife-guides/bird-a-z/great-tit/'	't'	'f'	'f'	'f'	'Terrestrial '	'Tit'	'known'									
'CU_14641'	'Custom'	'14641'	'S'	'Periparus ater'	'Coal Tit'	'https://avibase.ca/A4EBA919 '	11.5	'17-21'	'https://www.rspb.org.uk/birds-and-wildlife/wildlife-guides/bird-a-z/coal-tit/'	't'	'f'	'f'	'f'	'Terrestrial '	'Tit'	'known'									
'E_15150'	'EURING'	'15150'	'S'	'Lanius collurio'	'Red-backed Shrike'	'https://avibase.ca/F2CEFD1A '	17	'24-27'	'https://www.rspb.org.uk/birds-and-wildlife/wildlife-guides/bird-a-z/red-backed-shrike/'	't'	'f'	'f'	'f'	'Terrestrial '	'Shrike'	'known'									
'E_15190'	'EURING'	'15190'	'S'	'Lanius minor'	'Lesser Grey Shrike'	'https://avibase.ca/8852337B '	20	34	'https://app.bto.org/birdfacts/results/bob15190.htm'	't'	'f'	'f'	'f'	'Terrestrial '	'Shrike'	'known'									
'E_15200'	'EURING'	'15200'	'S'	'Lanius excubitor'	'Great Grey Shrike'	'https://avibase.ca/61C2E0E1 '	24	32	'https://app.bto.org/birdfacts/results/bob15200.htm'	't'	'f'	'f'	'f'	'Terrestrial '	'Shrike'	'known'									
'E_15230'	'EURING'	'15230'	'S'	'Lanius senator'	'Woodchat Shrike'	'https://avibase.ca/7E70D490 '	18	27	'https://app.bto.org/birdfacts/results/bob15230.htm'	't'	'f'	'f'	'f'	'Terrestrial '	'Shrike'	'known'									
'CU_15299'	'Custom'	'15299'	'UI'	'Lanius sp.'	'unidentified shrike'					't'	'f'	'f'	'f'	'Terrestrial '	'Shrike'	'unknown'									
'E_15490'	'EURING'	'15490'	'S'	'Pica pica'	'Eurasian Magpie'	'https://avibase.ca/FBBBA943 '	'44-46'	'52-60'	'https://www.rspb.org.uk/birds-and-wildlife/wildlife-guides/bird-a-z/magpie/'	't'	'f'	'f'	'f'	'Terrestrial '	'Corvid'	'known'									
'E_15590'	'EURING'	'15590'	'S'	'Pyrrhocorax pyrrhocorax'	'Red-billed Chough'	'https://avibase.ca/18D2C42A '	'39-40'	'73-90'	'https://www.rspb.org.uk/birds-and-wildlife/wildlife-guides/bird-a-z/chough/'	't'	'f'	'f'	'f'	'Terrestrial '	'Corvid'	'known'									
'E_15600'	'EURING'	'15600'	'S'	'Corvus monedula'	'Eurasian Jackdaw'	'https://avibase.ca/D4C32F8E '	34	70	'https://www.rspb.org.uk/birds-and-wildlife/wildlife-guides/bird-a-z/jackdaw/'	't'	'f'	'f'	'f'	'Terrestrial '	'Corvid'	'known'									
'E_15630'	'EURING'	'15630'	'S'	'Corvus frugilegus'	'Rook'	'https://avibase.ca/1078FFEA '	'44-46'	'81-99'	'https://www.rspb.org.uk/birds-and-wildlife/wildlife-guides/bird-a-z/rook/'	't'	'f'	'f'	'f'	'Terrestrial '	'Corvid'	'known'									
'CU_15671'	'Custom'	'15671'	'S'	'Corvus corone'	'Carrion Crow'	'https://avibase.ca/26FB62DA '	'45-47'	'93-104'	'https://www.rspb.org.uk/birds-and-wildlife/wildlife-guides/bird-a-z/carrion-crow/'	't'	'f'	'f'	'f'	'Terrestrial '	'Corvid'	'known'									
'CU_15673'	'Custom'	'15673'	'S'	'Corvus corone cornix'	'Hooded Crow'	'https://avibase.ca/F13D8350 '	'45-47'	'93-104'	'https://www.rspb.org.uk/birds-and-wildlife/wildlife-guides/bird-a-z/hooded-crow/'	't'	'f'	'f'	'f'	'Terrestrial '	'Corvid'	'known'									
'E_15720'	'EURING'	'15720'	'S'	'Corvus corax'	'Common Raven'	'https://avibase.ca/B9B272F4 '	'60-68'	'120-150'	'https://www.rspb.org.uk/birds-and-wildlife/wildlife-guides/bird-a-z/raven/'	't'	'f'	'f'	'f'	'Terrestrial '	'Corvid'	'known'									
'CU_15749'	'Custom'	'15749'	'UI'	'Corvidae sp.'	'unidentified corvid sp.'					't'	'f'	'f'	'f'	'Terrestrial '	'Corvid'	'unknown'									
'E_15820'	'EURING'	'15820'	'S'	'Sturnus vulgaris'	'Common Starling'	'https://avibase.ca/94A44032 '	21	'37-42'	'https://www.rspb.org.uk/birds-and-wildlife/wildlife-guides/bird-a-z/starling/'	't'	'f'	'f'	'f'	'Terrestrial '	'Starling'	'known'									
'CU_15821'	'Custom'	'15821'	'S'	'Pastor roseus'	'Rosy Starling'	'https://avibase.ca/24208346 '	22	38	'https://app.bto.org/birdfacts/results/bob15840.htm'	't'	'f'	'f'	'f'	'Terrestrial '	'Starling'	'known'									
'E_16360'	'EURING'	'16360'	'S'	'Fringilla coelebs'	'Chaffinch'	'https://avibase.ca/37F52281 '	14.5	'24.5-28.5'	'https://www.rspb.org.uk/birds-and-wildlife/wildlife-guides/bird-a-z/chaffinch/'	't'	'f'	'f'	'f'	'Terrestrial '	'Finch'	'known'									
'E_16380'	'EURING'	'16380'	'S'	'Fringilla montifringilla'	'Brambling'	'https://avibase.ca/E16B2C03 '	14	'25-26'	'https://www.rspb.org.uk/birds-and-wildlife/wildlife-guides/bird-a-z/brambling/'	't'	'f'	'f'	'f'	'Terrestrial '	'Finch'	'known'									
'E_16400'	'EURING'	'16400'	'S'	'Serinus serinus'	'European Serin'	'https://avibase.ca/C3227709 '	'11   12'	'18-20'	'https://www.rspb.org.uk/birds-and-wildlife/wildlife-guides/bird-a-z/serin/'	't'	'f'	'f'	'f'	'Terrestrial '	'Finch'	'known'									
'E_16490'	'EURING'	'16490'	'S'	'Carduelis chloris'	'European Greenfinch'	'https://avibase.ca/65BD2033 '	15	26	'https://www.rspb.org.uk/birds-and-wildlife/wildlife-guides/bird-a-z/greenfinch/'	't'	'f'	'f'	'f'	'Terrestrial '	'Finch'	'known'									
'E_16530'	'EURING'	'16530'	'S'	'Carduelis carduelis'	'European Goldfinch'	'https://avibase.ca/1B235E00 '	12	'21-25.5'	'https://www.rspb.org.uk/birds-and-wildlife/wildlife-guides/bird-a-z/goldfinch/'	't'	'f'	'f'	'f'	'Terrestrial '	'Finch'	'known'									
'E_16540'	'EURING'	'16540'	'S'	'Carduelis spinus'	'Eurasian Siskin'	'https://avibase.ca/9820CECA '	12	'20-23'	'https://www.rspb.org.uk/birds-and-wildlife/wildlife-guides/bird-a-z/siskin/'	't'	'f'	'f'	'f'	'Terrestrial '	'Finch'	'known'									
'E_16600'	'EURING'	'16600'	'S'	'Carduelis cannabina'	'Common Linnet'	'https://avibase.ca/32635892 '	13.5	'21-25.5'	'https://www.rspb.org.uk/birds-and-wildlife/wildlife-guides/bird-a-z/linnet/'	't'	'f'	'f'	'f'	'Terrestrial '	'Finch'	'known'									
'E_16630'	'EURING'	'16630'	'S'	'Carduelis flammea'	'Lesser Redpoll'	'https://avibase.ca/D41F1614 '	14-Dec	'20-25'	'https://www.rspb.org.uk/birds-and-wildlife/wildlife-guides/bird-a-z/common-redpoll/'	't'	'f'	'f'	'f'	'Terrestrial '	'Finch'	'known'									
'E_16660'	'EURING'	'16660'	'S'	'Loxia curvirostra'	'Common Crossbill'	'https://avibase.ca/135564AA '	16.5	'27-30.5'	'https://www.rspb.org.uk/birds-and-wildlife/wildlife-guides/bird-a-z/crossbill/'	't'	'f'	'f'	'f'	'Terrestrial '	'Finch'	'known'									
'E_17100'	'EURING'	'17100'	'S'	'Pyrrhula pyrrhula'	'Common Bullfinch'	'https://avibase.ca/24764DC7 '	'14.5-16.5'	'22-26'	'https://www.rspb.org.uk/birds-and-wildlife/wildlife-guides/bird-a-z/bullfinch/'	't'	'f'	'f'	'f'	'Terrestrial '	'Finch'	'known'									
'CU_17199'	'Custom'	'17199'	'UI'	'Fringillus sp.'	'unidentified finch'					't'	'f'	'f'	'f'	'Terrestrial '	'Finch'	'unknown'									
'E_18500'	'EURING'	'18500'	'S'	'Plectrophenax nivalis'	'Snow Bunting'	'https://avibase.ca/9BEBC025 '	'16-17'	'32-38'	'https://www.rspb.org.uk/birds-and-wildlife/wildlife-guides/bird-a-z/snow-bunting/'	't'	'f'	'f'	'f'	'Terrestrial '	'Bunting'	'known'									
'E_18570'	'EURING'	'18570'	'S'	'Emberiza citrinella'	'Yellowhammer'	'https://avibase.ca/56FB47C0 '	'16-16.5'	'23-29.5'	'https://www.rspb.org.uk/birds-and-wildlife/wildlife-guides/bird-a-z/yellowhammer/'	't'	'f'	'f'	'f'	'Terrestrial '	'Bunting'	'known'									
'E_18660'	'EURING'	'18660'	'S'	'Emberiza hortulana'	'Ortolan Bunting'	'https://avibase.ca/47210561 '	16	26	'https://app.bto.org/birdfacts/results/bob18660.htm'	't'	'f'	'f'	'f'	'Terrestrial '	'Bunting'	'known'									
'E_18730'	'EURING'	'18730'	'S'	'Emberiza rustica'	'Rustic Bunting'	'https://avibase.ca/DA9746CE '	15	23	'https://app.bto.org/birdfacts/results/bob18730.htm'	't'	'f'	'f'	'f'	'Terrestrial '	'Bunting'	'known'									
'E_18740'	'EURING'	'18740'	'S'	'Emberiza pusilla'	'Little Bunting'	'https://avibase.ca/1866F80E '	14	22	'https://app.bto.org/birdfacts/results/bob18740.htm'	't'	'f'	'f'	'f'	'Terrestrial '	'Bunting'	'known'									
'E_18770'	'EURING'	'18770'	'S'	'Emberiza schoeniclus'	'Reed Bunting'	'https://avibase.ca/C0B97874 '	'15-16.5'	'21-28'	'https://www.rspb.org.uk/birds-and-wildlife/wildlife-guides/bird-a-z/reed-bunting/'	't'	'f'	'f'	'f'	'Terrestrial '	'Bunting'	'known'									
'E_18820'	'EURING'	'18820'	'S'	'Miliaria calandra'	'Corn Bunting'	'https://avibase.ca/9A87EBB0 '	18	'26-32'	'https://www.rspb.org.uk/birds-and-wildlife/wildlife-guides/bird-a-z/corn-bunting/'	't'	'f'	'f'	'f'	'Terrestrial '	'Bunting'	'known'									
'CU_18829'	'Custom'	'18829'	'UI'	'Emberiza sp.'	'unidentified bunting'					't'	'f'	'f'	'f'	'Terrestrial '	'Bunting'	'unknown'									
'CU_19999'	'Custom'	'19999'	'UI'	'Passeriformes sp.'	'unidentified passerine'					't'	'f'	'f'	'f'	'Terrestrial '	'Passerine'	'unknown'									
'E_20800'	'EURING'	'20800'	'S'	'Cygnus atratus'	'Black Swan'	'https://avibase.ca/46B54DB1 '	'1.1-1.4'	'160-200'	'https://animaldiversity.org/accounts/Cygnus_atratus/'	't'	'f'	'f'	'f'	'Waterbird'	'Swan'	'known'									
'MM_000001'	'Custom'	'000001'	'UI'		'unidentified marine mammal'					'f'	't'	'f'	'f'	'Cetacean'		'unknown'									
'MM_000010'	'Custom'	'000010'	'UI'		'unidentified whale sp.'					'f'	't'	'f'	'f'	'Cetacean'	'Whale'	'unknown'									
'MM_000020'	'Custom'	'000020'	'UI'		'unidentified dolphin sp.'					'f'	't'	'f'	'f'	'Cetacean'	'Dolphin'	'unknown'									
'MM_137087'	'WoRMS'	'137087'	'S'	'Balaenoptera acutorostrata'	'Minke Whale'	'http://www.marinespecies.org/aphia.php?p=taxdetails&id=137087 '	'10.67m'		'https://www.fisheries.noaa.gov/species/minke-whale'	'f'	't'	'f'	'f'	'Cetacean'	'Whale'	'known'	'(Lacépède, 1804)'								
'MM_159023 '	'WoRMS'	'159023 '	'S'	'Eubalaena glacialis'	'Northern Right Whale '	'http://www.marinespecies.org/aphia.php?p=taxdetails&id=159023 '	'15.85m'		'https://www.fisheries.noaa.gov/species/north-atlantic-right-whale'	'f'	't'	'f'	'f'	'Cetacean'	'Whale'	'known'	'(Müller, 1776)'								
'MM_137090'	'WoRMS'	'137090'	'S'	'Balaenoptera musculus'	'Blue Whale'	'http://www.marinespecies.org/aphia.php?p=taxdetails&id=137090 '	'3.05m'		'https://www.fisheries.noaa.gov/species/blue-whale'	'f'	't'	'f'	'f'	'Cetacean'	'Whale'	'known'	'(Linnaeus, 1758)'								
'MM_137091'	'WoRMS'	'137091'	'S'	'Balaenoptera physalus'	'Fin Whale'	'http://www.marinespecies.org/aphia.php?p=taxdetails&id=137091 '	'22.86 - 25.91m'		'https://www.fisheries.noaa.gov/species/fin-whale'	'f'	't'	'f'	'f'	'Cetacean'	'Whale'	'known'	'(Linnaeus, 1758)'								
'MM_137088'	'WoRMS'	'137088'	'S'	'Balaenoptera borealis'	'Sei Whale '	'http://www.marinespecies.org/aphia.php?p=taxdetails&id=137088 '	'12.19 - 18.29m'		'https://www.fisheries.noaa.gov/species/sei-whale'	'f'	't'	'f'	'f'	'Cetacean'	'Whale'	'known'	'(Lesson, 1828)'								
'MM_000030'	'Custom'	'000030'	'SG'	'Balaenoptera sp.'	'Fin whale/ Sei whale'					'f'	't'	'f'	'f'	'Cetacean'	'Whale'	'known'									
'MM_137104'	'WoRMS'	'137104'	'S'	'Pseudorca crassidens'	'False Killer Whale'	'http://www.marinespecies.org/aphia.php?p=taxdetails&id=137104 '	'4.88 - 6m'		'https://www.fisheries.noaa.gov/species/false-killer-whale'	'f'	't'	'f'	'f'	'Cetacean'	'Whale'	'known'	'(Owen, 1846)'								
'MM_137097'	'WoRMS'	'137097'	'S'	'Globicephala melas'	'Long-finned Pilot Whale'	'http://www.marinespecies.org/aphia.php?p=taxdetails&id=137097 '	'5.79 - 7.62m'		'https://www.fisheries.noaa.gov/species/long-finned-pilot-whale'	'f'	't'	'f'	'f'	'Cetacean'	'Whale'	'known'	'(Traill, 1809)'								
'MM_137092'	'WoRMS'	'137092'	'S'	'Megaptera novaeangliae'	'Humpback Whale'	'http://www.marinespecies.org/aphia.php?p=taxdetails&id=137092 '	'18.29m'		'https://www.fisheries.noaa.gov/species/humpback-whale'	'f'	't'	'f'	'f'	'Cetacean'	'Whale'	'known'	'(Borowski, 1781)'								
'MM_137102'	'WoRMS'	'137102'	'S'	'Orcinus orca'	'Killer Whale '	'http://www.marinespecies.org/aphia.php?p=taxdetails&id=137102 '	'9.75m'		'https://www.fisheries.noaa.gov/species/killer-whale'	'f'	't'	'f'	'f'	'Cetacean'	'Whale'	'known'	'(Linnaeus, 1758)'								
'MM_137034 '	'WoRMS'	'137034 '	'SG'	'Mesoplodon'	'Mesoplodont Beaked Whale sp.'					'f'	't'	'f'	'f'	'Cetacean'	'Whale'	'known'									
'MM_343899'	'WoRMS'	'343899'	'S'	'Hyperoodon ampullatus'	'Northern Bottlenose Whale'	'http://www.marinespecies.org/aphia.php?p=taxdetails&id=343899 '	'F: 8.6m   M: 11.19m'		'https://www.fisheries.noaa.gov/species/northern-bottlenose-whale'	'f'	't'	'f'	'f'	'Cetacean'	'Whale'	'known'	'(Forster, 1770)'								
'MM_137119'	'WoRMS'	'137119'	'S'	'Physeter macrocephalus'	'Sperm Whale'	'http://www.marinespecies.org/aphia.php?p=taxdetails&id=137119 '	'F: 12.2m  M: 15.85m'		'https://www.fisheries.noaa.gov/species/sperm-whale'	'f'	't'	'f'	'f'	'Cetacean'	'Whale'	'known'	'(Linnaeus, 1758)'								
'MM_137113'	'WoRMS'	'137113'	'S'	'Kogia breviceps'	'Pygmy Sperm Whale'	'http://www.marinespecies.org/aphia.php?p=taxdetails&id=137113 '	'3.5m'		'https://www.fisheries.noaa.gov/species/pygmy-sperm-whale'	'f'	't'	'f'	'f'	'Cetacean'	'Whale'	'known'	'(de Blainville, 1838)'								
'MM_137121'	'WoRMS'	'137121'	'S'	'Mesoplodon bidens'	'Sowerby''s Beaked Whale'	'http://www.marinespecies.org/aphia.php?p=taxdetails&id=137121 '	'4.42 - 6.4m'		'https://www.fisheries.noaa.gov/species/sowerbys-beaked-whale'	'f'	't'	'f'	'f'	'Cetacean'	'Whale'	'known'	'(Sowerby, 1804)'								
'MM_137123'	'WoRMS'	'137123'	'S'	'Mesoplodon europaeus'	'Gervais''s Beaked Whale'	'http://www.marinespecies.org/aphia.php?p=taxdetails&id=137123 '	'4.57 - 5.18m'		'https://www.fisheries.noaa.gov/species/gervais-beaked-whale'	'f'	't'	'f'	'f'	'Cetacean'	'Whale'	'known'	'(Gervais, 1855)'								
'MM_137126'	'WoRMS'	'137126'	'S'	'Mesoplodon mirus'	'True''s Beaked Whale'	'http://www.marinespecies.org/aphia.php?p=taxdetails&id=137126 '	'4.72 - 5.33m'		'https://www.fisheries.noaa.gov/species/trues-beaked-whale'	'f'	't'	'f'	'f'	'Cetacean'	'Whale'	'known'	'(True, 1913)'								
'MM_136986'	'WoRMS'	'136986'	'SG'	'Ziphiidae'	'Beaked Whale sp.'					'f'	't'	'f'	'f'	'Cetacean'	'Whale'	'known'									
'MM_137127'	'WoRMS'	'137127'	'S'	'Ziphius cavirostris'	'Cuvier''s Beaked Whale'	'http://www.marinespecies.org/aphia.php?p=taxdetails&id=137127 '	'4.57 - 7.01m'		'https://www.fisheries.noaa.gov/species/cuviers-beaked-whale'	'f'	't'	'f'	'f'	'Cetacean'	'Whale'	'known'	'(Cuvier, 1823)'								
'MM_137115'	'WoRMS'	'137115'	'S'	'Delphinapterus leucas'	'White Whale (Beluga)'	'http://www.marinespecies.org/aphia.php?p=taxdetails&id=137115 '	'4.88m'		'https://www.fisheries.noaa.gov/species/beluga-whale'	'f'	't'	'f'	'f'	'Cetacean'	'Whale'	'known'	'(Pallas, 1776)'								
'MM_136980'	'WoRMS'	'136980'	'UI'	'Delphinidae sp.'	'unidentified dolphin'					'f'	't'	'f'	'f'	'Cetacean'	'Dolphin'	'unknown'									
'MM_137111'	'WoRMS'	'137111'	'S'	'Tursiops truncatus'	'Bottlenose Dolphin'	'http://www.marinespecies.org/aphia.php?p=taxdetails&id=137111 '	'1.83 - 3.96m'		'https://www.fisheries.noaa.gov/species/common-bottlenose-dolphin'	'f'	't'	'f'	'f'	'Cetacean'	'Dolphin'	'known'	'(Montagu, 1821)'								
'MM_137094'	'WoRMS'	'137094'	'S'	'Delphinus delphis'	'Short-beaked Common Dolphin'	'http://www.marinespecies.org/aphia.php?p=taxdetails&id=137094 '	'1.83m'		'https://www.fisheries.noaa.gov/species/short-beaked-common-dolphin#overview'	'f'	't'	'f'	'f'	'Cetacean'	'Dolphin'	'known'	'(Linnaeus, 1758)'								
'MM_137020'	'WoRMS'	'137020'	'SG'	'Lagenorhynchus sp.'	'White-beaked/White-sided Dolphin'					'f'	't'	'f'	'f'	'Cetacean'	'Dolphin'	'known'									
'MM_137101'	'WoRMS'	'137101'	'S'	'Lagenorhynchus albirostris'	'White-beaked Dolphin'	'http://www.marinespecies.org/aphia.php?p=taxdetails&id=137101 '	'2.38 - 3.12m'		'https://www.fisheries.noaa.gov/species/white-beaked-dolphin#overview'	'f'	't'	'f'	'f'	'Cetacean'	'Dolphin'	'known'	'(Gray, 1846)'								
'MM_137100'	'WoRMS'	'137100'	'S'	'Lagenorhynchus acutus'	'Atlantic White-sided Dolphin'	'http://www.marinespecies.org/aphia.php?p=taxdetails&id=137100 '	'2.74m'		'https://www.fisheries.noaa.gov/species/atlantic-white-sided-dolphin'	'f'	't'	'f'	'f'	'Cetacean'	'Dolphin'	'known'	'(Gray, 1828)'								
'MM_137107'	'WoRMS'	'137107'	'S'	'Stenella coeruleoalba'	'Striped Dolphin'	'http://www.marinespecies.org/aphia.php?p=taxdetails&id=137107 '	'F: 2.44m  M:2.74m'		'https://www.fisheries.noaa.gov/species/striped-dolphin'	'f'	't'	'f'	'f'	'Cetacean'	'Dolphin'	'known'	'(Meyen, 1833)'								
'MM_000040'	'Custom'	'000040'	'SG'	'Delphinus delphis/Stenella coeruleoalba'	'Short-beaked Common Dolphin/Striped Dolphin'					'f'	't'	'f'	'f'	'Cetacean'	'Dolphin'	'known'									
'MM_137098'	'WoRMS'	'137098'	'S'	'Grampus griseus'	'Risso´s Dolphin'	'http://www.marinespecies.org/aphia.php?p=taxdetails&id=137098 '	'2.6 - 3.96m'		'https://www.fisheries.noaa.gov/species/rissos-dolphin'	'f'	't'	'f'	'f'	'Cetacean'	'Dolphin'	'known'	'(G. Cuvier, 1812)'								
'MM_137117'	'WoRMS'	'137117'	'S'	'Phocoena phocoena'	'Harbour Porpoise'	'http://www.marinespecies.org/aphia.php?p=taxdetails&id=137117 '	'1.52 - 1.68m'		'https://www.fisheries.noaa.gov/species/harbor-porpoise'	'f'	't'	'f'	'f'	'Cetacean'	'Porpoise'	'known'	'(Linnaeus, 1758)'								
'MM_137117A'	'WoRMS'	'137117A'	'SA'	'Phocoena phocoena juv.'	'Harbour Porpoise juv.'					'f'	't'	'f'	'f'	'Cetacean'	'Porpoise'	'known'									
'MM_148736'	'WoRMS'	'148736'	'UI'	'Pinnipedia sp.'	'unidentified Pinniped (Grey/Harbour Seal)'					'f'	't'	'f'	'f'	'Pinniped'	'Seal'	'unknown'									
'MM_137080'	'WoRMS'	'137080'	'S'	'Halichoerus grypus'	'Grey Seal'	'http://www.marinespecies.org/aphia.php?p=taxdetails&id=137080 '	'1.8 - 2.2m '		'https://animaldiversity.org/accounts/Halichoerus_grypus/'	'f'	't'	'f'	'f'	'Pinniped'	'Seal'	'known'	'(Fabricius, 1791)'								
'MM_137084'	'WoRMS'	'137084'	'S'	'Phoca vitulina'	'Harbour Seal'	'http://www.marinespecies.org/aphia.php?p=taxdetails&id=137084 '	'1.5 - 1.73m'		'https://www.fisheries.noaa.gov/species/harbor-seal'	'f'	't'	'f'	'f'	'Pinniped'	'Seal'	'known'	'Linnaeus, 1758'								
'MM_137077'	'WoRMS'	'137077'	'S'	'Odobenus rosmarus'	'Walrus'	'http://www.marinespecies.org/aphia.php?p=taxdetails&id=137077 '	'3m'		'https://animaldiversity.org/accounts/Odobenus_rosmarus/'	'f'	't'	'f'	'f'	'Pinniped'	'Walrus'	'known'	'(Linnaeus, 1758)'								
'FI_000001'	'Custom'	'000001'	'UI'		'unidentified shark'					'f'	'f'	'f'	'f'	'Fish'	'Shark'	'unknown'									
'FI_105837'	'WoRMS'	'105837'	'S'	'Cetorhinus maximus'	'Basking Shark'	'http://www.marinespecies.org/aphia.php?p=taxdetails&id=105837 '	'12m'		'https://www.marlin.ac.uk/species/detail/1438'	'f'	'f'	'f'	'f'	'Fish'	'Shark'	'known'	'(Gunnerus, 1765)'								
'FI_105801'	'WoRMS'	'105801'	'S'	'Prionace glauca'	'Blue Shark'	'http://www.marinespecies.org/aphia.php?p=taxdetails&id=105801 '	'3.83m'		'http://www.fao.org/fishery/species/2018/en'	'f'	'f'	'f'	'f'	'Fish'	'Shark'	'known'	'(Linnaeus, 1758)'								
'FI_127405'	'WoRMS'	'127405'	'S'	'Mola mola'	'Sunfish'	'http://www.marinespecies.org/aphia.php?p=taxdetails&id=127405 '	'33.27m'		'https://www.wildlifetrusts.org/wildlife-explorer/marine/fish-sharks-skates-and-rays/sunfish'	'f'	'f'	'f'	'f'	'Fish'	'Fish'	'known'	'(Linnaeus, 1758)'								
'FI_127029'	'WoRMS'	'127029'	'S'	'Thunnus thynnus'	'Atlantic bluefin tuna'	'http://www.marinespecies.org/aphia.php?p=taxdetails&id=127029 '	'3m'		'https://www.marlin.ac.uk/species/detail/55'	'f'	'f'	'f'	'f'	'Fish'	'Fish'	'known'	'(Linnaeus, 1758)'								
'FI_126065'	'WoRMS'	'126065'	'UI'	'Thunnus sp.'	'unidentified tuna sp.'					'f'	'f'	'f'	'f'	'Fish'	'Fish'	'known'									
'FI_000010'	'Custom'	'000010'	'UI'		'unidentified Fish spp.'					'f'	'f'	'f'	'f'	'Fish'	'Fish'	'unknown'									
'REP_000001'	'Custom'	'000001'	'UI'		'unidentified turtle sp.'					'f'	'f'	't'	'f'	'Reptile'	'Turtle'	'unknown'									
'REP_137209'	'WoRMS'	'137209'	'S'	'Dermochelys coriacea'	'Leatherback Turtle '	'http://www.marinespecies.org/aphia.php?p=taxdetails&id=137209 '	'150 - 180'		'https://www.fisheries.noaa.gov/species/leatherback-turtle'	'f'	'f'	't'	'f'	'Reptile'	'Turtle'	'known'	'(Vandelli, 1761)'								
'REP_137205'	'WoRMS'	'137205'	'S'	'Caretta caretta'	'Loggerhead Turtle'	'http://www.marinespecies.org/aphia.php?p=taxdetails&id=137205 '	'85-100'		'https://animaldiversity.org/accounts/Caretta_caretta/'	'f'	'f'	't'	'f'	'Reptile'	'Turtle'	'known'	'(Linnaeus, 1758)'								
'REP_137206'	'WoRMS'	'137206'	'S'	'Chelonia mydas'	'Green Turtle'	'http://www.marinespecies.org/aphia.php?p=taxdetails&id=137206 '	140		'https://www.marlin.ac.uk/species/detail/2166'	'f'	'f'	't'	'f'	'Reptile'	'Turtle'	'known'	'(Linnaeus, 1758)'								
'REP_137207'	'WoRMS'	'137207'	'S'	'Eretmochelys imbricata'	'Hawksbill Turtle'	'http://www.marinespecies.org/aphia.php?p=taxdetails&id=137207 '	'67.5-114'		'https://animaldiversity.org/accounts/Eretmochelys_imbricata/'	'f'	'f'	't'	'f'	'Reptile'	'Turtle'	'known'	'(Linnaeus, 1766)'								
'REP_1378193'	'WoRMS'	'1378193'	'S'	'Chelydra serpentina'	'Snapping Turtle'		'20-45'		'https://animaldiversity.org/accounts/Chelydra_serpentina/'	'f'	'f'	't'	'f'	'Reptile'	'Turtle'	'known'									
'M_000010'	'Custom'	'000010'	'UI'		'unidentified land mammal sp.'					'f'	'f'	'f'	't'	'Mammal'	'Unknown'	'unknown'									
'M_137076'	'WoRMS'	'137076'	'S'	'Lutra lutra'	'Eurasian Otter'		13		'https://observation.org/species/417/'	'f'	'f'	'f'	't'	'Mammal'	'Semiaquatic'	'known'									
'M_000020'	'Custom'	'000020'	'S'	'Neovison vison'	'American Mink'		56		'https://www.wildlifetrusts.org/wildlife-explorer/mammals/american-mink'	'f'	'f'	'f'	't'	'Mammal'	'Semiaquatic'	'known'									
'M_000030'	'Custom'	'000030'	'S'	'Vulpes vulpes'	'Red Fox'		150		'https://www.conserveireland.com/mammals/red_fox.php'	'f'	'f'	'f'	't'	'Mammal'	'Land'	'known'									
'M_000040'	'Custom'	'000040'	'S'	'Meles meles'	'Eurasian Badger'		'75-100'		'https://www.wildlifetrusts.org/wildlife-explorer/mammals/european-badger'	'f'	'f'	'f'	't'	'Mammal'	'Land'	'known'									
'M_000050'	'Custom'	'000050'	'S'	'Mustela erminea'	'Stoat'		'24-32'		'https://www.wildlifetrusts.org/wildlife-explorer/mammals/stoat'	'f'	'f'	'f'	't'	'Mammal'	'Land'	'known'									
'M_000060'	'Custom'	'000060'	'S'	'Mustela nivalis'	'Weasel'		'17-22'		'https://www.wildlifetrusts.org/wildlife-explorer/mammals/weasel'	'f'	'f'	'f'	't'	'Mammal'	'Land'	'known'									
'M_000070'	'Custom'	'000070'	'S'	'Oryctolagus cuniculus'	'Rabbit'		'38-50'		'https://animaldiversity.org/accounts/Oryctolagus_cuniculus/'	'f'	'f'	'f'	't'	'Mammal'	'Land'	'known'									
'M_000080'	'Custom'	'000080'	'S'	' Lepus timidus'	'Irish Hare'		'430-610'		'https://animaldiversity.org/accounts/Lepus_timidus/'	'f'	'f'	'f'	't'	'Mammal'	'Land'	'known'									
'M_000090'	'Custom'	'000090'	'S'	'Sciurus vulgaris'	'Red Squirrel'		23		'https://www.fotawildlife.ie/animals-plants/view/red-squirrel'	'f'	'f'	'f'	't'	'Mammal'	'Land'	'known'									
'M_000100'	'Custom'	'000100'	'S'	'Sciurus carolinensis'	'Grey Squirrel'		'24-28.5'		'https://www.wildlifetrusts.org/wildlife-explorer/mammals/grey-squirrel'	'f'	'f'	'f'	't'	'Mammal'	'Land'	'known'									
'M_000110'	'Custom'	'000110'	'S'	'Plecotus auritus'	'Brown Long-eared Bat'		'4.5-5.3'	'24-28'	'https://irelandswildlife.com/brown-long-eared-bat-plecotus-auritus/'	'f'	'f'	'f'	't'	'Mammal'	'Bat'	'known'									
'M_000120'	'Custom'	'000120'	'S'	'Barbastella barbastellus'	'Western Barbastella'		'4-5.5'	'26-29'	'https://www.wildlifetrusts.org/wildlife-explorer/mammals/barbastelle-bat'	'f'	'f'	'f'	't'	'Mammal'	'Bat'	'known'									
'M_000130'	'Custom'	'000130'	'S'	'Pipistrellus pipistrellus/P. pygmaeus sp.'	'Common Pipistrelle/Soprano Pipistrelle sp.'					'f'	'f'	'f'	't'	'Mammal'	'Bat'	'known'									
'M_000140'	'Custom'	'000140'	'S'	'Pipistrellus nathusii'	'Nathusius Pipistrelle'		'3.5-4.5'	'20-23'	'https://www.wildlifetrusts.org/wildlife-explorer/mammals/common-pipistrelle'	'f'	'f'	'f'	't'	'Mammal'	'Bat'	'known'									
'M_000150'	'Custom'	'000150'	'S'	'Myotis natteri'	'Natterers Bat'		'4  5'	'24.5-30'	'https://www.wildlifetrusts.org/wildlife-explorer/mammals/natterers-bat'	'f'	'f'	'f'	't'	'Mammal'	'Bat'	'known'									
'M_000160'	'Custom'	'000160'	'S'	'Myotis bechsteini'	'Bechsteins Bat'		'4.3-5.3'	'25-30'	'https://www.wildlifetrusts.org/wildlife-explorer/mammals/bechsteins-bat'	'f'	'f'	'f'	't'	'Mammal'	'Bat'	'known'									
'M_000170'	'Custom'	'000170'	'S'	'Myotis brandti'	'Brandts Bat'		'3.8-5'	'21-24'	'https://www.wildlifetrusts.org/wildlife-explorer/mammals/brandts-bat'	'f'	'f'	'f'	't'	'Mammal'	'Bat'	'known'									
'M_000180'	'Custom'	'000180'	'S'	'Myotis mystacinus'	'Whiskered Bat'		'3.5-4.8'	'21-24'	'https://www.wildlifetrusts.org/wildlife-explorer/mammals/whiskered-bat'	'f'	'f'	'f'	't'	'Mammal'	'Bat'	'known'									
'M_000190'	'Custom'	'000190'	'S'	'Myotis daubentoni'	'Daubentons Bat'		'4.5-5.5'	'24-27'	'https://www.wildlifetrusts.org/wildlife-explorer/mammals/daubentons-bat'	'f'	'f'	'f'	't'	'Mammal'	'Bat'	'known'									
'M_000200'	'Custom'	'000200'	'S'	'Myotis dasycneme'	'Pond Bat'					'f'	'f'	'f'	't'	'Mammal'	'Bat'	'known'									
'M_000210'	'Custom'	'000210'	'UI'		'unknown bat sp.'					'f'	'f'	'f'	't'	'Mammal'	'Bat'	'known'									
'M_000220'	'Custom'	'000220'	'S'	'Rattus rattus'	'Black Rat'		'16-22'		'https://animaldiversity.org/accounts/Rattus_rattus/'	'f'	'f'	'f'	't'	'Mammal'	'Rodent'	'known'									
'M_000230'	'Custom'	'000230'	'S'	'Rattus norvegicus'	'Brown Rat'		'15-27'		'https://www.wildlifetrusts.org/wildlife-explorer/mammals/brown-rat'	'f'	'f'	'f'	't'	'Mammal'	'Rodent'	'known'									
'M_000240'	'Custom'	'000240'	'UI'	'Rattus sp.'	'unknown rat sp.'					'f'	'f'	'f'	't'	'Mammal'	'Rodent'	'unknown'									
'M_000250'	'Custom'	'000250'	'S'	'Mus musculus'	'House Mouse'		10		'https://www.wildlifetrusts.org/wildlife-explorer/mammals/house-mouse'	'f'	'f'	'f'	't'	'Mammal'	'Rodent'	'known'									
'M_000260'	'Custom'	'000260'	'S'	'Apodemus sylvaticus'	'Wood Mouse'		'8   10'		'https://www.wildlifetrusts.org/wildlife-explorer/mammals/wood-mouse'	'f'	'f'	'f'	't'	'Mammal'	'Rodent'	'known'									
'M_000270'	'Custom'	'000270'	'S'	'Muscardinus avellanarius'	'Hazel Dormouse '		'6    9'		'https://www.wildlifetrusts.org/wildlife-explorer/mammals/hazel-dormouse'	'f'	'f'	'f'	't'	'Mammal'	'Rodent'	'known'									
'M_000280'	'Custom'	'000280'	'UI'		'unidentified mouse sp.'					'f'	'f'	'f'	't'	'Mammal'	'Rodent'	'unknown'									
'M_000290'	'Custom'	'000290'	'UI'		'unidentified rodent sp.'					'f'	'f'	'f'	't'	'Mammal'	'Rodent'	'unknown'									
'M_000300'	'Custom'	'000300'	'S'	'Dama dama'	'Fallow Deer'		'130-180'		'https://www.wildlifetrusts.org/wildlife-explorer/mammals/fallow-deer'	'f'	'f'	'f'	't'	'Mammal'	'Deer'	'known'									
'M_000310'	'Custom'	'000310'	'S'	'Cervus elaphus'	'Red Deer'		'170-200'		'https://www.wildlifetrusts.org/wildlife-explorer/mammals/red-deer'	'f'	'f'	'f'	't'	'Mammal'	'Deer'	'known'									
'M_000320'	'Custom'	'000320'	'S'	'Capreolus capreolus'	'Roe Deer'		'90-130'		'https://www.wildlifetrusts.org/wildlife-explorer/mammals/roe-deer'	'f'	'f'	'f'	't'	'Mammal'	'Deer'	'known'									
'M_000330'	'Custom'	'000330'	'S'	'Cervus nippon'	'Sika Deer'		'F:50-90     M:70-95'		'https://www.irishdeersociety.ie/japanese-sika/'	'f'	'f'	'f'	't'	'Mammal'	'Deer'	'known'									
'M_000340'	'Custom'	'000340'	'UI'		'unidentified deer sp.'					'f'	'f'	'f'	't'	'Mammal'	'Deer'	'unknown'									
